11603,unknown
1178,anti-pollution
1234500,fishing
205204000,militaryops
205277430,sailingvessel
205309000,dredger
205366000,tanker-hazarda(major)
205395000,cargo
205439000,cargo
205476000,cargo-hazarda(major)
205519000,cargo
205520000,dredger
205554000,cargo
205561000,unknown
205655000,tanker
205656000,cargo
205657000,tanker
205677000,tanker
205688000,cargo
205734400,sailingvessel
205880600,sailingvessel
207137000,cargo
207138000,cargo
209015000,cargo
209055000,tanker
209058000,cargo
209073000,cargo
209177000,cargo
209179000,cargo
209182000,cargo
209185000,cargo
209204000,cargo-hazardb
209211000,cargo
209263000,cargo
209273000,cargo
209283000,cargo-hazarda(major)
209294000,tanker
209297000,cargo
209299000,cargo
209304000,cargo
209351000,cargo-hazarda(major)
209366000,cargo
209368000,cargo
209384000,cargo
209448000,tanker
209478000,cargo-hazarda(major)
209487000,cargo
209533000,cargo
209570000,cargo
209666000,cargo
209672000,tanker-hazardb
209703000,cargo
209718000,cargo
209721000,cargo
209734000,cargo
209756000,cargo
209760000,tanker
209840000,cargo-hazarda(major)
209889000,cargo
209995000,cargo
210029000,cargo
210031000,cargo
210041000,cargo
210117000,cargo
210122000,cargo-hazardd(recognizable)
210224000,tanker
210234000,cargo
210267000,cargo
210318000,tanker
210329000,cargo
210334000,unknown
210434000,cargo
210449000,tanker-hazardb
210481000,cargo-hazarda(major)
210505000,cargo-hazarda(major)
210621000,dredger
210720000,cargo
210745000,tanker-hazardb
210761000,cargo
210852000,cargo
210857000,tanker
210914000,cargo
210974000,cargo
210989000,cargo
211135000,tanker
211158080,sailingvessel
211160630,sailingvessel
211202460,unknown
211210150,militaryops
211210280,sailingvessel
211211220,militaryops
211211730,militaryops
211215170,sailingvessel
211232180,sailingvessel
211233870,cargo
211271630,unknown
211286440,cargo
211311970,cargo
211330520,tanker
211366340,tug
211378810,cargo
211379750,tanker
211387420,sailingvessel
211394240,cargo
211397660,tanker
211409100,tanker
211422510,tanker
211447460,pleasurecraft
211472000,tanker
211522970,sailingvessel
211545370,sailingvessel
211549000,cargo
211552340,sailingvessel
211560760,sailingvessel
211578000,cargo
211611040,unknown
211617730,sailingvessel
211625170,pleasurecraft
211627970,cargo-hazarda(major)
211633320,sailingvessel
211651000,cargo-hazarda(major)
211668500,sailingvessel
211681870,cargo
211707600,pleasurecraft
211830000,cargo-hazarda(major)
211839000,cargo
211852000,tanker
211881000,tanker
212044000,cargo
212058000,cargo
212065000,tanker
212084000,tanker
212097000,tanker
212105000,cargo-hazarda(major)
212109000,cargo
212123000,tanker
212125000,cargo
212136000,cargo
212137000,tanker
212157000,cargo-hazarda(major)
212182000,tanker
212186000,tanker
212193000,cargo-hazarda(major)
212208000,cargo
212227000,tanker
212240000,tanker
212274000,tanker-hazardd(recognizable)
212280000,cargo
212301000,cargo
212333000,cargo-hazarda(major)
212340000,cargo
212360000,cargo
212369000,cargo
212371000,tanker-hazardb
212373000,cargo
212376000,cargo
212385000,cargo
212416000,cargo
212423000,cargo
212450000,cargo
212466000,other
212503000,cargo
212518000,cargo
212521000,cargo
212542000,cargo
212555000,cargo
212600000,tanker
212605000,cargo-hazarda(major)
212617000,cargo
212641000,cargo
212667000,cargo
212735000,cargo
212762000,cargo
212795000,cargo
212797000,cargo
212801000,cargo
212819000,cargo-hazarda(major)
212836000,cargo
212852000,cargo
212933000,cargo-hazarda(major)
212934000,cargo
212942000,cargo
212947000,tanker
215029000,tanker
215037000,cargo
215039000,cargo
215041000,cargo
215047000,cargo
215061000,cargo
215062000,cargo
215064000,tanker-hazarda(major)
215096000,tanker
215110000,tanker
215116000,cargo
215135000,tanker
215136000,cargo
215142000,tanker
215166000,tanker-hazardb
215182000,tanker
215193000,tanker
215194000,tanker-hazardb
215211000,tanker
215220000,tanker-hazarda(major)
215234000,tanker-hazarda(major)
215263000,tanker-hazardc(minor)
215268000,cargo
215287000,tanker
215317000,cargo
215329000,tanker-hazardd(recognizable)
215359000,cargo
215375000,tanker-hazardb
215389000,tanker-hazarda(major)
215400000,cargo
215420000,cargo-hazarda(major)
215477000,tanker
215522000,cargo
215535000,tanker
215539000,cargo
215545000,tanker
215555000,tanker
215566000,cargo
215579000,cargo
215581000,tanker-hazardb
215654000,cargo
215676000,cargo
215678000,cargo
215681000,tanker
215760000,tanker-hazardd(recognizable)
215771000,cargo
215781000,tanker-hazarda(major)
215811000,tanker-hazardd(recognizable)
215819000,tanker
215870000,tanker
215872000,tanker
215891000,cargo-hazarda(major)
215901000,cargo
215937000,tanker-hazardb
218019000,tanker
218024000,cargo
218025000,cargo
218042000,cargo
218108000,cargo
218158000,cargo
218176000,cargo
218179000,cargo
218284000,cargo
218292000,tanker
218359000,fishing
218426000,cargo
218427000,cargo
218430000,other
218474000,cargo-hazardb
218551000,tanker
218552000,cargo
218565000,cargo
218566000,cargo-hazarda(major)
218615000,cargo
218629000,cargo
218649000,tanker
218774000,cargo
218776000,cargo-hazarda(major)
218791000,cargo
218793000,cargo
218810000,cargo-hazarda(major)
219014000,tanker
219017843,fishing
219018271,cargo-hazarda(major)
219018501,cargo
219018692,cargo-hazarda(major)
219018765,cargo
219018864,cargo
219018986,cargo
219019094,cargo
219019139,cargo
219019365,cargo-hazarda(major)
219021000,cargo-hazarda(major)
219104000,militaryops
219116000,cargo
219117000,cargo-hazarda(major)
219118000,cargo
219124000,tanker
219196000,cargo
219215000,cargo-hazarda(major)
219216000,cargo
219269000,tanker-hazardb
219291000,tanker
219298000,dredger
219397000,tanker
219426000,tanker
219479000,tanker-hazardb
219482000,tanker
219558000,tanker
219560000,passenger
219573000,dredger
219577000,tanker
219578000,cargo
219581000,cargo-hazarda(major)
219609000,cargo
219620000,cargo
219621000,fishing
219629000,cargo
219630000,cargo-hazardc(minor)
219631000,cargo
219632000,cargo-hazarda(major)
219646000,cargo
219683000,tanker-hazarda(major)
219825000,cargo
219884000,cargo
219927000,cargo
220002000,tanker
220005000,cargo
220010000,cargo
220016000,tanker
220052000,tanker
220092000,sailingvessel
220124000,tug
220235000,tanker
220236000,tanker
220301000,tanker-hazarda(major)
220387000,cargo
220396000,tanker
220417000,cargo
220439000,cargo
220448000,tanker
220478000,cargo-hazarda(major)
220479000,tanker
220487000,cargo
220495000,tanker
220496000,cargo-hazarda(major)
220497000,cargo-hazarda(major)
220498000,tanker
220499000,cargo-hazarda(major)
220500000,tanker
220501000,cargo-hazarda(major)
220502000,tanker-hazarda(major)
220503000,cargo-hazarda(major)
220506000,cargo
220513000,tanker
220514000,tanker
220515000,tanker
220530000,tanker
220540000,cargo
220560000,tanker-hazarda(major)
220564000,tanker
220565000,tanker
220566000,tanker-hazarda(major)
220570000,tanker
220598000,cargo-hazarda(major)
220603000,tanker
220625000,tanker
220638000,tanker
220644000,tanker
220648000,tanker
224017460,fishing
224029000,cargo
224038000,fishing
224040000,fishing
224045260,fishing
224052970,fishing
224057830,fishing
224067130,fishing
224081790,fishing
224113270,fishing
224130870,fishing
224141980,fishing
224196160,fishing
224304000,tanker
224365000,tanker
224376000,cargo
224389000,fishing
224499000,cargo
224509000,cargo
224548000,cargo
224612000,sar
224641000,cargo
224655000,cargo
224750000,cargo
225328000,cargo
225329000,cargo
225370000,cargo
225371000,cargo
225383000,other
225390000,cargo
225462000,cargo
226000000,tanker
226002760,unknown
226004000,fishing
226010880,other
226084000,fishing
226105000,fishing
226150000,fishing
226158000,fishing
226177000,fishing
226178000,fishing
226179000,fishing
226199000,unknown
226216000,fishing
226243000,fishing
226263000,sar
226267000,fishing
226318000,passenger
226321000,cargo
226323000,cargo-hazarda(major)
226324000,cargo-hazarda(major)
226326000,cargo
226328000,cargo-hazarda(major)
226338000,passenger
227000000,unknown
227001450,passenger
227001510,sar
227002330,passenger
227002630,unknown
227002960,tug
227003050,passenger
227003150,sar
227003560,sar
227003630,sar
227003750,passenger
227003850,dredger
227003880,sar
227004180,sar
227004390,tug
227004410,pilotvessel
227004570,sar
227004660,tug
227004900,passenger
227005270,tug
227005550,pilotvessel
227006750,tug
227007760,pilotvessel
227008170,unknown
227008670,sar
227009310,sar
227009320,sar
227009430,other
227009990,tug
227010230,other
227011870,sailingvessel
227016100,localvessel
227017600,pilotvessel
227019140,sar
227022600,unknown
227023100,passenger
227029970,pleasurecraft
227032950,unknown
227043970,sailingvessel
227047880,sailingvessel
227051000,sailingvessel
227056460,other
227057370,unknown
227058180,unknown
227059160,sailingvessel
227060680,sailingvessel
227062780,militaryops
227065530,sailingvessel
227068140,unknown
227069470,sailingvessel
227070250,unknown
227071310,sailingvessel
227072550,sailingvessel
227078960,sailingvessel
227078970,sailingvessel
227081120,sailingvessel
227088590,sailingvessel
227091000,other
227094750,sailingvessel
227104210,sailingvessel
227108900,fishing
227113100,fishing
227114300,fishing
227114630,sailingvessel
227116100,fishing
227118500,fishing
227118700,fishing
227120320,sailingvessel
227123700,fishing
227127750,sailingvessel
227127900,fishing
227128800,fishing
227132470,sailingvessel
227133520,sailingvessel
227138600,fishing
227142200,fishing
227142300,fishing
227143600,fishing
227143900,fishing
227144300,fishing
227144500,fishing
227145190,unknown
227145700,fishing
227146400,fishing
227148000,dredger
227149730,pleasurecraft
227158280,sailingvessel
227158520,passenger
227162120,unknown
227162950,pleasurecraft
227163870,sailingvessel
227167050,sailingvessel
227169310,sailingvessel
227175090,sailingvessel
227177420,fishing
227178330,sailingvessel
227178370,sailingvessel
227184260,sailingvessel
227185340,unknown
227185540,sailingvessel
227188250,sailingvessel
227191950,sailingvessel
227193740,pleasurecraft
227199080,sailingvessel
227211050,unknown
227214920,sailingvessel
227217470,other
227221130,sailingvessel
227222000,other
227224480,unknown
227226450,pleasurecraft
227227410,sailingvessel
227227590,sailingvessel
227229070,sailingvessel
227229850,sailingvessel
227232410,sailingvessel
227243810,unknown
227245210,sailingvessel
227258290,pleasurecraft
227263970,pleasurecraft
227265650,sar
227270000,unknown
227275870,sailingvessel
227276230,pleasurecraft
227277330,fishing
227278000,cargo
227278350,sailingvessel
227278980,sailingvessel
227280910,sailingvessel
227283010,pleasurecraft
227285670,sailingvessel
227286000,passenger
227288130,sailingvessel
227289990,pleasurecraft
227290810,sailingvessel
227291510,unknown
227294470,sailingvessel
227294530,sailingvessel
227297000,other
227298110,sailingvessel
227300000,fishing
227303000,fishing
227303430,fishing
227306100,sailingvessel
227307000,fishing
227308000,fishing
227309000,fishing
227310000,fishing
227310150,fishing
227311000,fishing
227312180,fishing
227314000,fishing
227314170,fishing
227315110,fishing
227315190,fishing
227315560,fishing
227316100,fishing
227317000,other
227317030,unknown
227318010,unknown
227318170,unknown
227319130,fishing
227319490,fishing
227319570,fishing
227320000,fishing
227320160,fishing
227320660,fishing
227321500,sailingvessel
227322670,fishing
227322690,fishing
227323270,unknown
227325680,sailingvessel
227327000,fishing
227328110,pleasurecraft
227330000,other
227334960,sailingvessel
227336000,fishing
227337570,sailingvessel
227338000,fishing
227338080,sailingvessel
227338990,sailingvessel
227340000,fishing
227340300,sailingvessel
227342250,fishing
227346000,fishing
227347000,fishing
227349390,sailingvessel
227353790,dredger
227353820,dredger
227355000,fishing
227355190,pleasurecraft
227355680,pleasurecraft
227361610,sailingvessel
227362110,pleasurecraft
227363370,pleasurecraft
227364000,fishing
227365150,sailingvessel
227366000,fishing
227369960,sailingvessel
227372000,fishing
227372930,sailingvessel
227375000,fishing
227376000,fishing
227380000,fishing
227380730,sailingvessel
227382020,sailingvessel
227382750,pleasurecraft
227383920,sailingvessel
227384220,pleasurecraft
227385160,sailingvessel
227391000,fishing
227391760,pleasurecraft
227392000,other
227392140,sailingvessel
227393000,fishing
227394750,sailingvessel
227396000,fishing
227396550,sailingvessel
227397000,fishing
227400140,sailingvessel
227400510,sar
227400680,fishing
227401470,dredger
227402190,pleasurecraft
227406000,fishing
227408000,fishing
227408710,pleasurecraft
227408990,unknown
227409000,fishing
227410000,other
227411000,fishing
227411830,sailingvessel
227412000,fishing
227413000,fishing
227413520,sailingvessel
227414080,sailingvessel
227414880,unknown
227414940,pleasurecraft
227415000,other
227416000,fishing
227426000,fishing
227428000,fishing
227430000,fishing
227436000,fishing
227443000,fishing
227469000,fishing
227472000,fishing
227474000,fishing
227479000,fishing
227481000,fishing
227483000,fishing
227485000,fishing
227486000,fishing
227504120,sailingvessel
227512000,fishing
227513000,fishing
227519920,sailingvessel
227520000,fishing
227521960,sailingvessel
227525020,sailingvessel
227527550,sailingvessel
227532000,fishing
227534410,unknown
227536540,sailingvessel
227536950,unknown
227541490,sailingvessel
227546430,sailingvessel
227546690,sailingvessel
227546740,sailingvessel
227547820,unknown
227547920,sailingvessel
227547990,unknown
227548120,sailingvessel
227549140,sailingvessel
227549450,sailingvessel
227549890,sailingvessel
227550490,sailingvessel
227550850,unknown
227551320,sailingvessel
227553430,unknown
227558000,fishing
227561000,fishing
227563000,fishing
227566870,sailingvessel
227567680,fishing
227569380,fishing
227570000,fishing
227570560,sailingvessel
227571190,fishing
227573170,sailingvessel
227573440,fishing
227573960,fishing
227574000,fishing
227574020,passenger
227575000,fishing
227577000,fishing
227578460,fishing
227579000,fishing
227579930,unknown
227580280,sailingvessel
227580520,passenger
227581000,fishing
227583000,fishing
227584000,fishing
227588930,sailingvessel
227588970,fishing
227589000,fishing
227589520,fishing
227589980,sailingvessel
227590000,fishing
227590030,fishing
227590980,fishing
227591030,fishing
227592000,fishing
227592820,passenger
227593450,pleasurecraft
227595000,fishing
227597130,dredger
227598930,tanker
227608410,unknown
227610520,unknown
227611670,sailingvessel
227611930,fishing
227612820,passenger
227612860,passenger
227613780,sailingvessel
227616510,fishing
227621940,fishing
227624270,sar
227624390,sailingvessel
227628730,fishing
227630560,sailingvessel
227631450,fishing
227631770,fishing
227631850,fishing
227632830,fishing
227635210,passenger
227635650,fishing
227635680,fishing
227635980,fishing
227636480,fishing
227638530,sar
227639660,fishing
227640190,fishing
227640710,fishing
227641020,fishing
227641920,fishing
227643980,sailingvessel
227644930,passenger
227645860,sailingvessel
227647090,sailingvessel
227650230,fishing
227653980,sailingvessel
227654220,fishing
227656810,pleasurecraft
227666970,fishing
227667550,unknown
227667630,unknown
227681520,tanker
227681710,fishing
227683480,fishing
227685830,fishing
227686540,fishing
227686570,fishing
227686920,sailingvessel
227688950,sailingvessel
227690560,fishing
227696930,divevessel
227701720,sailingvessel
227702670,pleasurecraft
227704000,unknown
227705102,passenger
227709530,unknown
227710560,sailingvessel
227712460,unknown
227713010,pilotvessel
227714320,pleasurecraft
227715260,passenger
227719220,sailingvessel
227721320,pleasurecraft
227721660,unknown
227730220,pilotvessel
227734750,sailingvessel
227736540,other
227739940,pleasurecraft
227741610,sailingvessel
227751330,sailingvessel
227754710,unknown
227754790,sailingvessel
227762340,fishing
227764330,pleasurecraft
227766910,sailingvessel
227785750,sailingvessel
227787750,sailingvessel
227796240,sailingvessel
227798280,pleasurecraft
227803000,other
227806000,fishing
227806500,other
227808000,fishing
227820000,fishing
227822000,fishing
227827000,fishing
227831000,fishing
227833000,fishing
227834000,fishing
227843000,fishing
227844000,fishing
227852000,other
227855000,fishing
227856000,other
227860000,other
227866000,other
227867000,fishing
227875000,fishing
227876000,fishing
227877000,other
227878000,fishing
227879000,other
227894000,fishing
227895000,other
227903000,fishing
227904000,sailingvessel
227905000,fishing
227912000,fishing
227915000,fishing
227916000,fishing
227917000,fishing
227922000,fishing
227941000,fishing
227962000,fishing
227977000,fishing
227981000,fishing
227983200,pleasurecraft
227984000,fishing
227988000,fishing
227989000,fishing
227999400,unknown
228000000,unknown
228004600,fishing
228005700,sailingvessel
228009900,sailingvessel
228014600,pleasurecraft
228015700,fishing
228016000,sailingvessel
228016900,unknown
228017700,passenger
228018700,fishing
228018800,other
228020600,fishing
228020700,cargo
228020900,fishing
228021600,fishing
228021700,other
228022900,passenger
228024800,cargo
228025700,cargo
228026600,pleasurecraft
228026700,tanker
228028900,fishing
228029700,other
228029800,other
228032800,dredger
228032900,cargo
228033600,fishing
228033800,fishing
228035600,unknown
228035800,unknown
228035900,unknown
228037600,fishing
228037700,unknown
228037900,other
228039800,fishing
228040600,unknown
228041600,other
228042600,fishing
228047700,sailingvessel
228047800,unknown
228047900,tanker
228051000,tug
228053700,sailingvessel
228059800,high-speedcraft
228059900,sailingvessel
228064900,sar
228065900,sailingvessel
228066700,fishing
228066900,fishing
228067800,tug
228067900,cargo
228068600,cargo
228068700,tug
228070600,unknown
228070700,fishing
228070900,sailingvessel
228084000,cargo
228106800,fishing
228107800,fishing
228109000,fishing
228111000,fishing
228113000,fishing
228114000,fishing
228117000,fishing
228118700,fishing
228119000,fishing
228120000,fishing
228124800,tug
228126000,fishing
228130000,fishing
228131000,fishing
228131600,fishing
228133000,fishing
228135000,fishing
228137900,fishing
228138000,fishing
228140600,unknown
228144000,fishing
228150000,unknown
228151700,fishing
228155700,dredger
228157000,other
228158000,fishing
228160000,fishing
228160600,fishing
228160900,other
228165700,fishing
228166600,fishing
228167900,fishing
228168600,fishing
228169000,fishing
228171600,fishing
228172000,fishing
228174600,fishing
228183600,passenger
228184000,fishing
228186700,sar
228190600,fishing
228193700,tug
228194000,other
228195000,fishing
228195800,fishing
228197800,sailingvessel
228203800,fishing
228205800,fishing
228206600,fishing
228207700,sailingvessel
228208700,fishing
228208800,fishing
228209700,fishing
228210800,fishing
228211700,other
228211900,other
228213000,fishing
228213700,fishing
228215700,fishing
228216600,fishing
228218000,fishing
228218700,fishing
228219000,fishing
228222900,fishing
228223000,fishing
228226000,fishing
228228800,fishing
228234700,tug
228234900,tug
228235000,fishing
228236000,fishing
228236600,fishing
228236700,fishing
228238600,fishing
228238700,fishing
228239000,fishing
228239900,fishing
228240000,fishing
228240600,fishing
228240800,fishing
228240900,fishing
228247000,fishing
228247700,fishing
228248000,other
228251000,fishing
228251700,sailingvessel
228252000,fishing
228253900,fishing
228258000,fishing
228259000,fishing
228259600,fishing
228263700,passenger
228263900,unknown
228264000,fishing
228264600,fishing
228267700,other
228267900,fishing
228275600,unknown
228277800,unknown
228278600,sailingvessel
228279600,unknown
228281000,other
228282000,fishing
228287000,fishing
228288000,fishing
228292700,tanker
228293000,fishing
228295700,sailingvessel
228298800,sailingvessel
228299900,fishing
228300000,fishing
228301600,fishing
228301700,fishing
228301900,fishing
228302900,fishing
228306000,fishing
228311600,pleasurecraft
228315600,cargo-hazarda(major)
228315700,cargo
228316800,cargo-hazarda(major)
228319700,sailingvessel
228321000,fishing
228321600,sailingvessel
228322700,other
228324000,fishing
228329000,fishing
228329800,tanker
228330600,tanker
228330700,tanker
228332000,fishing
228333000,other
228333700,tanker-hazarda(major)
228335900,cargo
228336000,fishing
228336600,unknown
228337700,tanker-hazardd(recognizable)
228337800,fishing
228339000,fishing
228344700,dredger
228344800,tug
228345800,cargo-hazarda(major)
228351700,sailingvessel
228353600,cargo
228355800,fishing
228367000,fishing
228370000,fishing
228374000,fishing
228376000,fishing
228378000,fishing
228380000,fishing
228383000,fishing
228387000,fishing
228394000,fishing
228503000,sailingvessel
228621000,sailingvessel
228727000,unknown
228728000,other
228736000,militaryops
228762000,militaryops
228764000,other
228793000,unknown
228796000,sailingvessel
228797000,sailingvessel
228799000,other
228803100,unknown
228806000,fishing
228813000,other
228817100,pleasurecraft
228827000,fishing
228840000,fishing
228842000,fishing
228843000,fishing
228848000,fishing
228849000,fishing
228858000,fishing
228874000,fishing
228880000,fishing
228887300,wingingrnd
228888000,fishing
228893000,other
228899000,pleasurecraft
228905000,unknown
228910000,other
228917000,fishing
228919000,fishing
228922000,fishing
228925000,fishing
228926000,fishing
228929000,fishing
228931000,fishing
228935000,fishing
228941000,fishing
228945000,fishing
228946000,other
228947000,fishing
228954000,fishing
228975000,fishing
229002000,cargo
229005000,cargo-hazarda(major)
229015000,tanker-hazardb
229033000,cargo
229037000,tanker
229039000,tanker
229068000,cargo
229081000,cargo
229085000,tanker
229093000,tanker
229101000,cargo
229191000,cargo
229245000,cargo
229266000,cargo
229272000,tanker-hazarda(major)
229281000,cargo
229289000,tanker-hazarda(major)
229290000,cargo
229310000,cargo
229311000,cargo
229312000,cargo
229315000,tanker
229323000,cargo
229327000,tanker
229334000,cargo
229339000,tanker-hazarda(major)
229358000,cargo
229394000,sailingvessel
229396000,cargo
229402000,cargo
229412000,tanker
229471000,tanker-hazarda(major)
229472000,tanker-hazardd(recognizable)
229535000,tanker
229536000,cargo
229545000,tanker-hazardb
229558000,cargo
229561000,tanker
229565000,cargo
229566000,cargo
229571000,cargo
229605000,cargo
229606000,tanker-hazardc(minor)
229611000,cargo
229612000,cargo
229614000,cargo
229620000,cargo-hazarda(major)
229622000,cargo-hazarda(major)
229625000,cargo
229632000,tanker
229636000,tanker-hazardd(recognizable)
229639000,cargo-hazarda(major)
229646000,cargo-hazarda(major)
229662000,cargo
229665000,cargo
229666000,cargo
229675000,cargo
229710000,cargo
229711000,cargo
229713000,tanker-hazardb
229715000,tanker
229716000,tanker
229720000,cargo
229725000,cargo
229732000,cargo
229741000,cargo
229752000,cargo
229758000,cargo
229783000,cargo
229798000,cargo
229824000,cargo
229841000,cargo
229843000,cargo
229844000,cargo
229847000,tanker
229860000,cargo
229866000,tanker
229879000,tanker
229898000,tanker
229899000,tanker
229914000,cargo-hazarda(major)
229926000,cargo-hazarda(major)
229928000,cargo
229929000,cargo
229930000,cargo
229936000,cargo
229979000,cargo
229986000,cargo
229999000,tanker
230011000,cargo
230035980,sailingvessel
230061700,sailingvessel
230357000,cargo
230617000,cargo
230618000,cargo
230620000,cargo
230622000,cargo
230624000,cargo
230631000,cargo
230635000,passenger
230648000,cargo
230656000,cargo
230941700,other
230965000,tanker-hazarda(major)
230994000,cargo-hazarda(major)
231701000,tanker
232002833,militaryops
232004630,cargo
232005270,sailingvessel
232005410,other
232005610,fishing
232005700,fishing
232005775,fishing
232005800,fishing
232005850,other
232079000,cargo
232156000,tanker
232167000,tanker
232168000,tanker
232240000,cargo
232374000,pleasurecraft
232616000,other
232664000,cargo
232752000,cargo
232872000,cargo
232971000,cargo
232977000,cargo
233150000,cargo
233234000,cargo
233789000,sailingvessel
233921000,cargo
234056000,cargo
234171000,sailingvessel
234597000,militaryops
234605000,militaryops
234637000,other
235002250,tanker-hazardd(recognizable)
235003780,sailingvessel
235005150,fishing
235005270,cargo
235006000,sailingvessel
235006360,cargo
235006490,tanker
235006740,tanker-hazardc(minor)
235007330,tanker
235007450,tanker
235007990,other
235008050,tanker
235008310,cargo-hazarda(major)
235008741,fishing
235009620,unknown
235009692,unknown
235010670,fishing
235010980,tanker
235011230,unknown
235011670,tanker-hazarda(major)
235013963,tug
235015064,sailingvessel
235024268,unknown
235031105,unknown
235031345,unknown
235031676,sailingvessel
235034147,unknown
235034658,sailingvessel
235034871,other
235038124,unknown
235038886,cargo
235050032,tanker
235050033,tanker-hazardb
235050126,tug
235050609,cargo
235050734,cargo
235050783,tanker
235050801,tanker-hazardb
235051012,militaryops
235051085,cargo
235052314,cargo-hazarda(major)
235053723,tug
235053986,cargo
235054097,other
235054581,cargo
235054817,sailingvessel
235055083,sailingvessel
235056099,tug
235056239,cargo
235056276,cargo
235058697,cargo
235059765,cargo
235059768,cargo
235060251,tanker
235060255,tanker
235060453,tanker-hazarda(major)
235063337,tanker
235066478,unknown
235066953,cargo
235068085,cargo
235068963,tanker
235069065,unknown
235070031,tanker
235070466,tanker-hazardc(minor)
235070707,cargo
235070715,cargo
235071275,cargo-hazarda(major)
235072088,tanker
235072651,cargo
235073404,tanker
235073614,tanker-hazardd(recognizable)
235074589,cargo
235075024,cargo
235075244,cargo
235076245,tanker
235076275,tanker
235076499,cargo-hazarda(major)
235077714,cargo
235077805,cargo
235079074,sailingvessel
235080328,cargo
235080632,cargo
235080633,cargo
235080635,cargo
235081443,sailingvessel
235081444,unknown
235081445,unknown
235081745,tanker
235081888,cargo-hazardd(recognizable)
235081933,cargo
235082366,sailingvessel
235082802,cargo
235082896,cargo
235083501,tanker-hazardb
235084107,cargo
235084298,cargo-hazardd(recognizable)
235084729,cargo
235084806,tug
235084915,tanker
235085368,tanker-hazardc(minor)
235085464,cargo
235085467,cargo
235085927,tug
235087041,tug
235087392,tanker
235087417,tanker
235087577,cargo
235087579,cargo
235089046,tanker-hazardb
235089333,cargo
235089912,cargo
235089913,cargo
235089914,cargo-hazarda(major)
235089915,cargo
235090402,other
235090537,cargo
235090767,cargo-hazarda(major)
235090793,pleasurecraft
235091363,cargo
235091397,cargo-hazarda(major)
235091761,unknown
235092771,unknown
235092964,tanker
235093146,tanker-hazarda(major)
235093147,tanker
235093327,cargo-hazarda(major)
235094367,sailingvessel
235094625,cargo
235094713,cargo-hazarda(major)
235094793,cargo
235094794,tanker
235095162,cargo-hazarda(major)
235095231,cargo-hazardd(recognizable)
235095267,sailingvessel
235095815,cargo
235095836,cargo
235095972,tanker-hazardb
235096381,unknown
235096647,cargo-hazarda(major)
235096684,cargo-hazarda(major)
235096793,cargo
235097013,fishing
235097401,cargo-hazarda(major)
235097672,sailingvessel
235098053,tanker
235098058,tanker
235098061,tanker
235098885,cargo
235098914,sailingvessel
235100007,tanker-hazardd(recognizable)
235100514,unknown
235100629,cargo
235101211,lawenforce
235101728,tanker-hazardb
235101999,sailingvessel
235102352,cargo
235102681,cargo
235102885,cargo
235103279,unknown
235103315,cargo
235103401,sailingvessel
235103736,cargo
235103762,cargo
235103765,cargo
235103766,cargo
235104549,unknown
235104648,sailingvessel
235104739,tanker
235105264,unknown
235106302,tanker
235106595,passenger
235107439,cargo
235107713,unknown
235107758,unknown
235108105,pleasurecraft
235108381,cargo
235108405,cargo
235108972,sailingvessel
235109665,cargo-hazarda(major)
235110142,cargo-hazarda(major)
235110247,cargo-hazarda(major)
235111246,cargo-hazarda(major)
235111365,cargo
235111402,sailingvessel
235112026,cargo
235112571,tanker-hazardc(minor)
235112573,cargo
235113298,sailingvessel
235113366,sailingvessel
235113405,sar
235113663,other
235114006,unknown
235114195,cargo
235114599,cargo
235115261,tug
235192000,tanker
235308000,tanker-hazardd(recognizable)
235437000,cargo
235480000,cargo
235485000,tanker
235507000,cargo
235509000,tanker
235572000,cargo
235613000,cargo
235623000,cargo
235644000,tanker
235666000,cargo-hazarda(major)
235707000,cargo
235829000,cargo
235849000,tanker
236029000,cargo
236038000,cargo
236107000,tanker
236111321,cargo
236111603,cargo
236111782,cargo
236111791,tanker-hazarda(major)
236111809,tanker
236111811,tanker
236111881,cargo
236111884,cargo
236111886,cargo
236111913,cargo
236111944,cargo
236111945,cargo
236111947,cargo-hazarda(major)
236111974,tanker
236112003,tanker
236112059,tanker
236112178,pleasurecraft
236119000,cargo
236124000,cargo
236150000,cargo
236153000,cargo
236165000,tanker
236166000,cargo
236175000,tanker-hazarda(major)
236196000,cargo
236203000,cargo
236204000,tanker
236205000,cargo
236213000,tanker
236222000,tanker
236260000,tanker
236263000,tanker
236265000,cargo
236283000,tanker
236296000,tanker
236297000,cargo
236307000,cargo
236334000,cargo
236339000,cargo
236364000,tanker
236386000,cargo
236387000,cargo
236401000,tanker-hazarda(major)
236403000,other
236439000,cargo
236445000,tanker
236453000,cargo
236471000,cargo-hazardb
236481000,cargo-hazardb
236509000,cargo
236514000,tanker
236522000,tanker
236529000,tanker
236543000,cargo
236544000,cargo-hazarda(major)
236553000,cargo
236559000,cargo
236567000,tanker
236568000,cargo
236586000,cargo
236592000,cargo
236593000,cargo
236598000,cargo
236610000,cargo
236617000,cargo
236626000,cargo
236631000,cargo
236634000,cargo
236644000,cargo-hazardb
236646000,tanker-hazardd(recognizable)
236647000,tanker
236652000,tanker-hazardd(recognizable)
236654000,cargo
236656000,cargo
236658000,cargo
236662000,tanker
236668000,tanker
236669000,tanker
236673000,cargo
236685000,cargo
237899000,tanker
238005000,tanker
238008000,tanker-hazardb
238233000,tanker
238249000,cargo
238250000,tanker
238251000,unknown
238295000,tanker
2383,sar
238301000,tanker
239527000,cargo
239591000,tanker
239615000,cargo
239872000,cargo
239933000,tanker
239939000,tanker
240024000,tanker
240031000,tanker
240092000,tanker
240124000,tanker
240175000,tanker
240204000,cargo
240243000,tanker
240265000,cargo
240266000,cargo
240296000,tanker
240305000,tanker
240350000,tanker-hazardb
240385000,cargo
240411000,tanker-hazardb
240435000,tanker
240437000,tanker
240451591,tanker-hazarda(major)
240472000,tanker
240520000,tanker
240564000,cargo
240565000,tanker
240576000,cargo
240584000,unknown
240609000,tanker
240610000,tanker-hazarda(major)
240615000,tanker-hazardd(recognizable)
240619000,tanker
240625000,cargo
240626000,cargo
240634000,tanker
240671000,tanker-hazarda(major)
240677000,tanker
240679000,tanker
240681000,tanker
240699000,tanker
240715000,tanker
240717000,tanker
240721000,cargo-hazardc(minor)
240722000,cargo-hazarda(major)
240729000,tanker-hazarda(major)
240754000,cargo
240766000,tanker
240775000,cargo
240796000,cargo
240797000,tanker
240834000,tanker
240859000,tanker-hazarda(major)
240864000,tanker-hazarda(major)
240903000,tanker
240947000,tanker
240975000,tanker
240982000,cargo
241013000,cargo
241029000,tanker
241066000,cargo
241107000,tanker
241116000,cargo
241121000,tanker
241128000,cargo
241136000,tanker
241154000,tanker
241157000,tanker
241164000,tanker
241189000,cargo
241190000,tanker
241198000,cargo
241218000,tanker
241230000,cargo
241236000,tanker
241237000,cargo
241253000,tanker-hazardc(minor)
241255000,tanker
241265000,cargo
241273000,cargo
241284000,cargo
241292000,tanker
241294000,tanker-hazarda(major)
241300000,cargo
241310000,cargo
241312000,cargo-hazarda(major)
241326000,tanker-hazarda(major)
241330000,tanker
241357000,tanker
241367000,tanker
241387000,tanker
244002000,cargo
244008000,cargo
244027000,cargo
244036000,tanker-hazarda(major)
244037000,cargo
244054000,cargo
244059000,cargo
244073000,cargo
244093000,cargo
244094000,cargo
244096000,cargo
244101000,cargo
244104000,cargo
244114000,cargo
244118000,cargo-hazarda(major)
244144000,cargo
244149000,cargo
244171000,cargo
244176000,cargo
244218000,cargo
244227000,cargo
244239000,cargo
244251000,militaryops
244267000,tanker
244271000,cargo
244281000,tanker
244285000,tanker-hazarda(major)
244297000,cargo
244298000,cargo-hazarda(major)
244301000,cargo
244302000,cargo
244309000,fishing
244316000,cargo
244321000,cargo
244329000,cargo
244336000,cargo
244339000,cargo-hazardb
244363000,cargo
244367000,tanker
244376000,cargo
244424000,cargo
244469000,tug
244483000,cargo
244536000,tug
244543000,unknown
244554000,cargo
244557000,cargo
244559000,cargo
244563000,fishing
244573000,cargo
244576000,cargo
244580000,unknown
244582000,cargo
244583000,fishing
244597000,cargo
244601000,cargo-hazarda(major)
244615000,cargo
244615976,cargo
244617000,cargo
244620314,cargo
244621000,cargo
244627000,tanker
244630187,pleasurecraft
244630782,sailingvessel
244642000,cargo
244650011,cargo
244650165,cargo
244650317,cargo
244650331,cargo
244650642,sailingvessel
244662000,cargo
244666000,cargo
244670144,sailingvessel
244673000,cargo
244674000,cargo
244682000,cargo
244683000,cargo
244694000,cargo
244700000,tanker
244700336,cargo
244703000,cargo
244707000,cargo
244716000,cargo
244730000,cargo
244730469,cargo
244730944,cargo
244740921,tug
244741000,cargo
244750645,cargo
244750716,cargo
244764000,cargo
244768000,cargo
244770960,pleasurecraft
244772000,cargo
244780000,cargo
244780105,dredger
244780246,sailingvessel
244780424,cargo
244780569,cargo
244785000,cargo
244790234,cargo
244790369,cargo
244790370,cargo
244790509,cargo
244790607,cargo
244790715,cargo
244790899,tug
244810323,cargo
244810418,cargo
244810443,cargo
244810589,cargo
244810593,other
244810730,cargo
244819000,cargo
244820009,cargo
244820165,cargo
244820422,cargo
244826000,cargo
244828000,cargo
244830098,cargo
244830183,tanker
244830896,sailingvessel
244847000,cargo
244850075,cargo
244850116,cargo
244850612,cargo
244850853,cargo
244850854,cargo-hazarda(major)
244850855,cargo
244852000,cargo
244860000,cargo
244860278,cargo
244868000,cargo
244870126,sailingvessel
244870193,unknown
244870428,tanker
244870674,cargo
244889000,tanker-hazardb
244890000,cargo
244901000,unknown
244909000,cargo
244910000,cargo
244918000,cargo
244925000,other
244952000,cargo
244956000,cargo
244961000,tanker-hazarda(major)
244995000,cargo
244999000,tanker-hazardb
245005000,cargo
245014000,cargo
245021000,cargo
245029000,cargo
245031000,cargo
245044000,cargo
245046000,cargo
245050000,cargo
245057000,cargo
245058000,cargo
245064000,cargo
245068000,cargo
245072000,cargo
245073000,tanker-hazardb
245078000,cargo-hazarda(major)
245091000,cargo
245127000,cargo
245132000,cargo
245136000,sailingvessel
245157000,cargo
245164000,tug
245180000,cargo
245181000,cargo
245219000,cargo
245222000,cargo-hazarda(major)
245223000,cargo
245227000,cargo
245237000,cargo
245239000,cargo
245241000,cargo
245257000,cargo
245261000,cargo
245279000,cargo
245284000,tanker
245296000,cargo
245297000,cargo
245306000,cargo
245315000,cargo
245334000,cargo
245347000,cargo
245398000,cargo
245405000,tanker
245431000,unknown
245465000,cargo
245468000,cargo
245471000,other
245472000,cargo
245483000,cargo
245501000,cargo
245513000,cargo
245525000,cargo
245529000,cargo
245535000,cargo
245539000,cargo
245547000,cargo
245615000,unknown
245639000,cargo
245682000,cargo
245690000,unknown
245712000,cargo
245716000,cargo
245726000,cargo
245727000,cargo
245739000,cargo
245772000,cargo
245789000,cargo
245793000,cargo
245811000,fishing
245816000,cargo
245839000,cargo
245843000,cargo
245859000,cargo
245864000,cargo
245870000,cargo
245901000,cargo
245909000,cargo
245912000,cargo
245926000,cargo
245930000,cargo
245947000,cargo
245949000,cargo
245952000,cargo
245958000,tanker-hazardb
245959000,cargo
245961000,cargo
245967000,cargo
245975000,cargo
245977000,cargo
245981000,cargo
246002000,cargo
246019000,cargo
246029000,cargo
246043000,cargo-hazarda(major)
246044000,cargo
246051000,other
246056000,cargo
246058000,dredger
246061000,cargo
246062000,cargo
246063000,cargo
246067000,cargo
246090000,cargo
246100000,cargo
246110000,cargo
246125000,cargo
246127000,cargo
246167000,passenger
246179000,cargo
246180000,cargo
246215000,cargo
246227000,cargo
246232000,cargo
246236000,cargo
246252000,cargo
246253000,sailingvessel
246254000,cargo
246255000,cargo
246264000,cargo
246286000,cargo
246302000,cargo
246303000,cargo
246308000,cargo
246315000,tanker
246330000,cargo
246340000,cargo
246358000,cargo
246359000,unknown
246363000,cargo-hazarda(major)
246367000,cargo
246388000,cargo
246410000,cargo
246412000,cargo
246414000,tanker
246432000,cargo
246435000,cargo-hazarda(major)
246452000,cargo
246453000,cargo
246456000,cargo
246457000,cargo
246458000,cargo
246474000,cargo
246479000,cargo
246481000,cargo
246484000,cargo
246497000,cargo
246507000,cargo
246524000,unknown
246525000,cargo
246535000,cargo
246542000,cargo
246545000,tanker-hazardb
246555000,cargo
246578000,cargo
246593000,cargo
246594000,cargo
246596000,cargo
246602000,cargo
246606000,cargo
246611000,cargo
246613000,cargo
246620000,cargo
246625000,cargo
246634000,cargo
246639000,cargo
246644000,cargo
246649000,cargo
246655000,cargo
246660000,cargo
246661000,cargo
246662000,cargo
246663000,cargo
246666000,cargo
246668000,cargo
246670000,cargo
246684000,cargo
246685000,cargo
246697000,tanker
246699000,cargo
246704000,cargo
246715000,cargo
246716000,cargo
246724000,cargo
246733000,cargo
246737000,cargo-hazarda(major)
246739000,unknown
246745000,cargo
246746000,cargo
246754000,cargo
246757000,cargo
246771000,cargo
246774000,tug
246775000,cargo
246778000,cargo
246782000,cargo
246786000,cargo
246788000,cargo
246793000,cargo
246794000,cargo
246797000,cargo
246798000,cargo
246802000,cargo
246803000,cargo
246807000,cargo
246816000,cargo
246823000,tanker-hazarda(major)
246827000,cargo
246830000,cargo
246838000,cargo
246843000,cargo
246845000,cargo
246855000,cargo
246867000,cargo
246869000,cargo
246872000,cargo
246873000,cargo
246881000,tanker-hazarda(major)
246883000,cargo
246893000,tanker
246922000,cargo
247018700,cargo
247019600,cargo
247039300,cargo
247039400,cargo
247046200,tanker
247056200,cargo
247065500,cargo
247078800,cargo-hazardd(recognizable)
247080200,cargo
247086800,cargo
247095800,tanker
247104400,tanker
247116600,cargo
247117300,passenger
247148200,cargo
247153600,tug
247160400,passenger
247186300,cargo
247186500,cargo
247217500,cargo
247219300,cargo
247224200,tanker
247226600,tanker
247226900,tanker
247229700,passenger
247231000,tanker
247233800,cargo-hazardd(recognizable)
247242300,other
247253800,tanker-hazarda(major)
247258400,tanker
247270700,cargo
247272500,cargo
247273200,tanker-hazarda(major)
247273400,tanker-hazarda(major)
247275300,tanker
247275400,cargo-hazardd(recognizable)
247276200,tanker
247287500,tanker
247289800,cargo-hazarda(major)
247290000,cargo-hazarda(major)
247291600,cargo
247293100,tanker
247299300,cargo
247304200,cargo-hazarda(major)
247312900,passenger
247318400,tanker
247341100,cargo-hazarda(major)
247341300,cargo
247341500,cargo
247341700,cargo
247341900,cargo
247346000,tanker-hazardc(minor)
247355500,tanker-hazarda(major)
247360700,cargo
247369700,passenger
247370200,tug
247594000,cargo-hazarda(major)
247602000,tanker-hazardd(recognizable)
247698000,tanker-hazardb
248001000,cargo
248033000,tanker-hazarda(major)
248043000,tanker
248052000,cargo-hazarda(major)
248054000,tanker
248055000,tanker
248075000,tanker-hazardc(minor)
248092000,cargo
248114000,tanker
248120000,cargo
248134000,cargo
248159000,tanker-hazarda(major)
248163000,tanker
248171000,cargo
248183000,cargo
248225000,cargo
248280000,tanker
248282000,tanker
248299000,tanker-hazarda(major)
248313000,cargo
248323000,tanker
248363000,tanker
248370000,tanker
248373000,tanker
248375000,cargo
248427000,cargo
248430000,cargo
248439000,tanker-hazardb
248448000,cargo
248454000,tanker
248465000,tug
248472000,cargo
248494000,cargo
248544000,cargo
248552000,cargo
248621000,tanker
248635000,cargo
248646000,tanker
248658000,cargo
248674000,cargo
248678000,cargo
248689000,cargo
248697000,cargo
248701000,cargo-hazarda(major)
248724000,cargo
248730000,tanker-hazardd(recognizable)
248737000,cargo
248738000,cargo
248746000,cargo
248751000,tanker
248792000,tanker-hazarda(major)
248793000,tanker
248833000,tanker
248835000,cargo
248842000,tanker
248852000,cargo
248865000,cargo
248888000,tanker
248937000,cargo
248967000,cargo
248976000,tanker
249012000,tanker-hazarda(major)
249017000,cargo-hazarda(major)
249028000,tanker-hazardb
249050000,tanker-hazardc(minor)
249066000,cargo
249075000,cargo
249084000,tanker
249085000,tanker
249086000,tanker
249092000,tanker
249104000,tanker
249107000,cargo-hazarda(major)
249118000,cargo
249126000,tanker-hazardb
249128000,tanker-hazardb
249137000,unknown
249145000,cargo
249186000,cargo
249193000,tanker
249205000,cargo
249206000,tanker
249207000,tanker
249209000,tanker
249210000,tanker
249211000,cargo
249213000,tanker
249227000,cargo-hazarda(major)
249239000,cargo
249249000,tanker
249266000,tanker
249290000,cargo
249293000,tanker
249294000,tanker
249297000,cargo
249311000,cargo
249319000,cargo
249359000,cargo
249362000,tanker
249375000,cargo
249379000,tanker
249399000,cargo
249403000,tanker-hazardd(recognizable)
249425000,tanker
249437000,tanker-hazardb
249446000,tanker
249453000,tanker-hazardb
249458000,tanker
249475000,tanker-hazardb
249533000,tanker
249534000,tanker
249537000,tanker-hazardb
249540000,cargo
249565000,tanker
249567000,tanker-hazardb
249598000,tanker
249616000,tanker-hazarda(major)
249617000,cargo
249622000,cargo
249647000,cargo
249648000,cargo
249666000,passenger
249689000,tanker-hazardb
249701000,unknown
249702000,tanker-hazardb
249704000,tanker-hazardb
249719000,cargo
249720000,cargo
249772000,cargo
249803000,tanker
249813000,tanker-hazardb
249837000,cargo-hazarda(major)
249849000,cargo
249879000,cargo
249890000,cargo
249891000,tanker
249895000,cargo
249909000,cargo
249910000,cargo
249911000,tanker
249944000,cargo
249955000,tanker-hazardb
249957000,tanker-hazardb
249959000,tanker
249960000,tanker-hazardb
249963000,cargo
249972000,cargo
249993000,tanker
250000040,cargo
250000144,cargo
250000444,cargo
250000817,cargo
250000818,cargo
250000870,fishing
250000962,cargo
250000963,cargo
250000964,cargo
250001109,cargo
250001268,cargo
250001396,cargo
250001594,cargo
250002012,cargo
250002033,cargo
250002286,cargo
250002434,cargo
250002443,cargo
250002688,cargo
250002821,cargo
250002887,cargo
250002903,cargo
250016000,cargo
250502000,cargo
250506000,cargo
250515000,cargo
253023000,cargo
253202000,cargo-hazarda(major)
253215000,cargo-hazarda(major)
253217000,tanker-hazardb
253225000,tug
253256000,cargo-hazarda(major)
253279000,tanker
253295000,tanker
253414000,other
253418000,tanker
253437000,tanker
255786000,cargo
255801480,cargo
255801490,cargo
255801540,cargo
255801550,cargo
255801560,cargo
255802380,cargo
255802940,tanker-hazardc(minor)
255802950,tanker
255803350,cargo
255803360,cargo
255803540,tanker-hazarda(major)
255803560,tanker
255803880,tanker
255803890,cargo
255804340,tanker-hazardb
255804740,tanker
255804890,tanker
255804960,tanker
255805250,tanker
255805340,tanker
255805370,tanker-hazarda(major)
255805450,cargo
255805550,unknown
255805557,cargo-hazarda(major)
255805569,cargo-hazarda(major)
255805580,cargo
255805595,cargo-hazarda(major)
255805596,cargo-hazarda(major)
255805615,cargo
255805617,cargo
255805620,cargo
255805627,cargo
255805661,cargo
255805662,cargo
255805679,unknown
255805684,cargo
255805691,cargo
255805693,cargo
255805694,cargo
255805696,cargo-hazarda(major)
255805697,cargo
255805698,cargo-hazarda(major)
255805699,cargo-hazarda(major)
255805701,cargo
255805759,cargo
255805763,cargo-hazarda(major)
255805765,cargo
255805770,cargo
255805785,cargo
255805802,cargo
255805806,cargo-hazarda(major)
256000826,pleasurecraft
256016000,cargo
256041000,cargo
256075000,cargo
256093000,tanker
256096000,tanker-hazardb
256107000,cargo
256122000,tanker
256123000,tanker-hazardb
256137000,tanker
256139000,tanker-hazardb
256151000,tanker-hazardb
256202000,cargo
256208000,passenger
256210000,tanker
256213000,cargo-hazarda(major)
256219000,cargo
256243000,tanker
256275000,tanker
256279000,cargo
256284000,cargo
256291000,cargo
256295000,cargo
256304000,cargo-hazarda(major)
256320000,pleasurecraft
256323000,cargo
256341000,cargo
256345000,cargo
256350000,cargo
256371000,cargo
256389000,cargo
256391000,tanker-hazarda(major)
256396000,tanker
256433000,cargo
256442000,tanker
256451000,cargo
256462000,tanker-hazarda(major)
256465000,tanker
256483000,tanker
256491000,tanker
256494000,tanker-hazardd(recognizable)
256495000,tanker
256503000,cargo
256509000,cargo
256516000,cargo
256517000,cargo
256518000,tanker
256522000,cargo
256530000,other
256531000,unknown
256536000,cargo
256537000,cargo
256550000,tanker
256553000,tanker
256582000,cargo
256610000,cargo
256619000,tanker-hazardb
256631000,cargo
256639000,cargo-hazarda(major)
256645000,tanker-hazardd(recognizable)
256656000,tanker
256662000,cargo
256668000,cargo
256673000,tanker
256687000,cargo
256689000,cargo
256696000,tanker
256713000,cargo
256714000,tanker-hazarda(major)
256716000,tanker
256732000,tanker
256739000,cargo
256743000,cargo
256755000,tanker
256765000,tanker
256784000,tanker
256790000,tanker
256802000,tanker
256819000,cargo
256838000,tanker
256858000,cargo-hazardb
256871000,cargo-hazardd(recognizable)
256878000,passenger
256891000,cargo
256892000,cargo
256900000,cargo
256902000,tanker
256908000,cargo
256909000,tanker
256910000,cargo
256914000,tanker
256915000,cargo
256919000,cargo
256934000,tanker
256951000,cargo
256953000,cargo
256956000,cargo
256984000,tanker
256992000,tanker
256995000,tanker
256996000,tanker
257022000,other
257077000,tanker
257082000,tanker
257206000,tanker
257348000,cargo
257366000,cargo
257374000,tanker-hazardb
257375000,tanker
257408000,cargo
257411000,other
257461000,tug
257519000,tanker
257526000,tanker-hazardb
257532000,cargo
257536600,other
257556000,cargo
257565000,cargo
257672000,cargo
257674000,other
257689000,cargo-hazarda(major)
257694000,tanker
257713000,cargo
257721000,tanker
257722000,tanker
257739000,tanker
257742000,tanker
257758000,cargo
257772000,tanker
257774600,passenger
257806000,fishing
257844000,cargo
257856000,tanker
257861700,unknown
257864000,other
257885000,tanker
257891000,cargo
257936000,tanker
257983000,tanker
258060000,other
258075000,cargo
258088080,sailingvessel
258176140,sailingvessel
258193070,sailingvessel
258202000,tug
258285840,sailingvessel
258316000,cargo-hazarda(major)
258373000,sailingvessel
258527000,other
258614000,other
258640000,tanker-hazardd(recognizable)
258645000,tanker-hazardd(recognizable)
258669000,tanker-hazardd(recognizable)
258681000,cargo
258682000,tanker
258692000,tanker
258702000,tanker
258734000,cargo
258769000,passenger
258859000,other
258926000,tanker
258932000,passenger
258975000,cargo
258977000,cargo
258995000,other
259004000,tanker-hazarda(major)
259019000,militaryops
259095000,tanker
259298000,other
259709000,cargo
259756000,tanker-hazardb
259759000,tanker
259787000,tanker-hazarda(major)
259848000,cargo
259873000,other
259897000,tanker
259917000,other
259927000,tanker-hazardb
259936000,tanker
259956000,tanker
259985000,tanker
259999000,tanker
261000290,sailingvessel
261015190,sailingvessel
261019830,unknown
261023620,sailingvessel
261026040,sailingvessel
261028320,sailingvessel
261029680,sailingvessel
261031010,pleasurecraft
261031080,sailingvessel
261513000,pleasurecraft
262007000,cargo
264900301,tug
265755730,pleasurecraft
265756690,sailingvessel
265757060,sailingvessel
265758190,sailingvessel
265771000,fishing
265884000,cargo
266009000,tanker
266209000,tanker
266210000,cargo
266259000,cargo
266260000,cargo
266263000,sailingvessel
266273000,tanker
266283000,cargo
266338000,cargo
266420000,tanker
266421000,tanker
269013000,tanker
269045000,cargo
269056000,cargo
269057000,cargo
269059000,cargo
269076000,cargo
269101930,pleasurecraft
269103970,unknown
269107530,sailingvessel
269116000,pleasurecraft
269157000,sailingvessel
269666000,cargo
269669000,cargo
269675000,tanker
269837000,cargo
269868000,cargo
271000021,cargo
271000303,cargo
271000656,cargo
271000818,tanker
271000835,cargo
271000876,cargo
271000929,cargo
271000985,cargo
271002564,cargo
271002613,tanker
271040029,tanker-hazarda(major)
271040319,cargo
271040407,cargo
271040594,cargo
271042511,cargo
271042520,tanker
271042556,cargo
271042566,cargo
271042763,cargo
271042960,cargo
271043399,tanker-hazardb
271043415,cargo
271043468,cargo
271043681,cargo
271043758,cargo
271043776,tanker
271043873,tanker-hazardc(minor)
271044120,cargo
273111000,cargo
273112800,cargo
273113600,cargo
273113800,cargo
273114000,cargo
273114600,cargo
273114700,cargo
273115700,cargo
273116000,cargo
273132200,cargo
273310950,cargo
273322500,cargo
273330943,cargo
273333440,cargo
273333650,cargo
273334000,cargo
273334240,cargo
273334930,cargo
273335000,cargo
273337230,cargo
273337950,cargo
273338000,cargo
273338250,cargo
273338310,cargo
273338540,cargo
273339540,cargo
273339840,cargo
273348830,cargo
273350190,cargo
273351360,cargo-hazardb
273353680,cargo
273354040,cargo
273356870,cargo
273357260,cargo
273358260,cargo
273358930,cargo
273362290,cargo-hazarda(major)
273363000,cargo
273376520,tug
273385040,tug
273385430,cargo
273413060,cargo
273546520,sar
275344000,cargo
275346000,militaryops
275457000,cargo
275467000,cargo
276700000,militaryops
277312000,cargo
277324000,cargo
277329000,cargo
277330000,fishing
277334000,cargo
277391000,cargo
303417000,cargo
304001000,cargo
304010168,cargo
304010228,cargo
304010290,cargo
304010417,cargo
304010444,cargo
304010483,cargo
304010549,cargo
304010767,cargo
304010779,cargo
304010806,cargo
304010859,cargo
304010860,cargo
304010867,cargo
304010909,cargo
304010915,cargo
304010916,cargo
304010973,cargo
304010986,cargo-hazardd(recognizable)
304010995,cargo
304010998,cargo
304011009,cargo
304011029,cargo
304013000,cargo
304014000,cargo
304021000,cargo
304030000,cargo
304031000,cargo
304036000,cargo
304037000,cargo
304041000,cargo
304042000,cargo
304043000,cargo
304046000,cargo
304047000,cargo
304050000,unknown
304050635,tanker-hazarda(major)
304050636,tanker
304050840,tanker
304053000,cargo
304054000,cargo
304055000,cargo
304057000,cargo
304059000,cargo
304060000,cargo
304062000,cargo
304079000,cargo
304080796,cargo
304080808,cargo
304081024,cargo
304088000,cargo
304089000,cargo
304091000,cargo
304092000,cargo
304099000,cargo
304117000,tanker
304137000,cargo
304146000,cargo
304153000,cargo
304154000,cargo
304183000,cargo
304201000,cargo
304214000,cargo
304226000,cargo
304228000,cargo
304234000,cargo
304239000,cargo
304270000,tanker
304271000,tanker
304293000,cargo
304302000,cargo
304346000,cargo
304352000,cargo
304407000,cargo
304443000,cargo
304448000,cargo
304469000,cargo
304488000,cargo
304498000,cargo
304503000,cargo
304511000,cargo
304519000,cargo
304520000,cargo
304523000,cargo
304543000,cargo
304577000,cargo
304611000,cargo
304627000,cargo
304628000,cargo
304636000,cargo
304653000,cargo
304655000,cargo
304662000,cargo
304665000,cargo
304669000,cargo
304677000,cargo
304679000,cargo
304682000,cargo
304690000,cargo
304691000,cargo
304719000,cargo
304724000,cargo
304738000,cargo
304739000,cargo
304743000,cargo
304785000,cargo
304786000,cargo
304789000,cargo
304791000,cargo
304797000,cargo
304805000,cargo
304817000,cargo
304839000,cargo
304840000,cargo
304843000,cargo
304844000,cargo
304851000,cargo
304868000,cargo
304869000,cargo
304880000,cargo
304881000,cargo
304903000,cargo-hazarda(major)
304905000,cargo
304908000,cargo
304922000,cargo-hazarda(major)
304924000,cargo
304926000,other
304927000,cargo
304932000,cargo
304954000,cargo
304962000,cargo-hazarda(major)
304993000,cargo-hazarda(major)
304994000,cargo
304995000,cargo
305001000,cargo-hazarda(major)
305003000,cargo
305018000,cargo
305040000,cargo
305046000,cargo
305059000,cargo
305062000,cargo
305067000,cargo
305098000,cargo
305102000,cargo
305113000,cargo
305119000,cargo
305122000,cargo
305123000,cargo
305137000,cargo
305148000,cargo-hazarda(major)
305162000,cargo
305164000,cargo
305166000,cargo
305168000,cargo
305175000,cargo
305176000,cargo
305178000,tanker
305187000,cargo
305188000,cargo
305190000,cargo
305211000,cargo
305212000,cargo
305219000,cargo
305223000,cargo
305229000,cargo
305236000,cargo
305240000,cargo
305246000,cargo
305253000,other
305259000,cargo-hazarda(major)
305260000,cargo-hazarda(major)
305261000,cargo
305262000,cargo
305263000,cargo
305264000,cargo
305272000,cargo
305279000,cargo
305293000,cargo
305294000,cargo
305301000,cargo
305315000,cargo
305330000,cargo
305333000,cargo
305335000,cargo
305342000,cargo
305351000,cargo
305356000,tug
305364000,cargo
305370000,cargo
305379000,cargo
305381000,cargo
305384000,cargo
305389000,tug
305392000,cargo
305393000,cargo
305394000,cargo
305395000,cargo
305396000,cargo
305412000,cargo-hazarda(major)
305444000,cargo
305470000,cargo
305476000,cargo
305486000,cargo
305493000,cargo
305497000,cargo
305500000,cargo
305502000,cargo
305506000,cargo
305511000,cargo
305512000,cargo
305523000,cargo
305526000,cargo
305527000,cargo
305545000,cargo
305546000,cargo
305555000,cargo
305562000,cargo
305565000,cargo
305566000,cargo
305573000,cargo
305590000,cargo
305594000,cargo
305599000,cargo
305600000,cargo
305612000,cargo
305616000,cargo
305627000,cargo
305631000,cargo
305633000,cargo
305639000,cargo
305648000,cargo-hazarda(major)
305652000,cargo
305653000,cargo
305659000,cargo
305671000,cargo
305672000,cargo
305674000,cargo
305676000,cargo
305677000,cargo
305679000,cargo
305681000,cargo
305685000,cargo
305706000,cargo
305709000,cargo-hazarda(major)
305711000,cargo
305714000,cargo
305716000,cargo
305729000,cargo
305730000,cargo
305733000,cargo
305736000,cargo
305737000,cargo
305738000,cargo
305740000,cargo
305753000,cargo
305757000,cargo
305758000,cargo
305760000,cargo
305767000,cargo
305770000,cargo
305771000,cargo
305772000,cargo
305777000,cargo
305781000,cargo
305786000,cargo
305794000,tanker-hazardd(recognizable)
305810000,cargo
305815000,cargo
305820000,tug
305822000,cargo
305835000,cargo
305836000,cargo
305842000,cargo
305847000,cargo
305859000,cargo
305862000,cargo
305863000,cargo-hazarda(major)
305880000,cargo-hazarda(major)
305881000,cargo
305882000,cargo
305885000,cargo
305886000,cargo
305887000,cargo
305888000,cargo
305915000,cargo
305928000,cargo
305931000,cargo-hazarda(major)
305936000,cargo
305949000,cargo
305964000,cargo
305966000,cargo
305973000,cargo
305976000,cargo
305981000,cargo
305982000,cargo
305994000,cargo
305995000,cargo
305996000,cargo
306039000,cargo
306051000,cargo
306083000,cargo
306095000,cargo
306096000,cargo
306157000,cargo
306354000,cargo-hazarda(major)
306451000,cargo
306587000,cargo
306777000,cargo
306813000,cargo
306832000,cargo
306862000,unknown
306872000,cargo
308007000,passenger
308015000,cargo-hazarda(major)
308038000,cargo
308122000,cargo
308184000,cargo
308192000,cargo
308218000,cargo
308287000,cargo
308369000,cargo
308371000,tanker
308391000,tanker
308438000,cargo
308445000,passenger
308521000,cargo
308529000,cargo
308532000,cargo
308541000,cargo
308542000,cargo
308598000,cargo
308599000,cargo
308688000,cargo
308701000,cargo
308704000,cargo
308785000,passenger
308815000,tanker-hazardb
308847000,passenger
308868000,cargo
308874000,cargo
308924000,cargo
308949000,tanker
308986000,tanker
308987000,cargo
309108000,cargo
309165000,cargo
309175000,cargo
309186000,cargo
309225000,tanker-hazarda(major)
309285000,cargo
309306000,cargo
309333000,tanker-hazardd(recognizable)
309361000,cargo
309372000,cargo
309373000,cargo
309467000,cargo
309473000,cargo
309584000,cargo
309656000,cargo
309689000,cargo
309701000,cargo
309729000,cargo
309759000,cargo
309761000,cargo
309807000,cargo
309814000,cargo
309827000,tanker
309832000,tanker
309841000,cargo
309847000,cargo
309914000,cargo
309938000,cargo
309964000,passenger
309985000,cargo
309998000,tanker-hazardb
310372000,tanker
310459000,passenger
310473000,passenger
310515000,tanker
310529000,passenger
310530000,passenger
310556000,passenger
310559000,tanker
310560000,tanker
310562000,passenger
310575000,tanker-hazardd(recognizable)
310579000,tanker
310593000,pleasurecraft
310610000,passenger
310622000,tanker
310624000,passenger
310625000,passenger
310649000,cargo
311000092,cargo
311000094,cargo
311000126,cargo
311000147,cargo
311000149,tanker
311000157,cargo-hazarda(major)
311000193,cargo
311000200,cargo
311000212,tanker
311000223,tanker
311000257,cargo
311000261,tanker
311000274,passenger
311000294,tanker
311000316,cargo
311000333,tanker
311000342,cargo
311000343,passenger
311000369,cargo
311000396,passenger
311000413,cargo
311000436,tanker
311000438,tanker
311000444,tanker
311000454,tanker-hazarda(major)
311000460,tanker
311000462,cargo
311002500,cargo
311003300,cargo
311003600,cargo
311004000,cargo
311004900,cargo
311005600,cargo
311007600,cargo
311008700,cargo
311009400,cargo
311009600,cargo
311009700,cargo
311014800,cargo
311014900,cargo
311015100,cargo
311015700,cargo
311016300,cargo
311016400,cargo
311017500,tanker-hazardc(minor)
311017800,cargo
311017900,cargo
311018000,cargo
311018500,pleasurecraft
311018600,cargo
311018800,cargo
311020900,tanker
311025800,cargo
311027400,tanker
311027500,tanker-hazarda(major)
311027800,tanker-hazardb
311027900,tanker
311028600,cargo
311029000,cargo
311036800,high-speedcraft
311037500,cargo
311037600,cargo
311037700,tanker
311040500,cargo
311042500,cargo
311043200,cargo-hazardd(recognizable)
311043800,cargo
311044100,cargo-hazarda(major)
311044300,cargo
311044400,cargo
311046100,cargo
311051900,cargo
311052700,cargo
311053100,cargo
311054300,cargo
311055200,cargo
311055300,cargo
311055400,cargo
311055500,cargo
311061600,cargo
311063100,cargo
311066200,tanker
311069200,tanker
311070400,cargo
311072400,cargo
311073600,tanker
311073800,tanker-hazarda(major)
311076800,tanker
311117000,cargo
311127000,cargo
311153000,tanker
311164000,cargo
311165000,cargo
311166000,passenger
311168000,tanker
311177000,tanker
311266000,cargo
311294000,cargo
311295000,cargo
311296000,cargo
311316000,passenger
311358000,cargo
311368000,passenger
311426000,tanker
311461000,cargo
311513000,passenger
311541000,passenger
311564000,cargo
311594000,cargo
311595000,cargo
311601000,tanker
311628000,tanker-hazardd(recognizable)
311648000,tanker
311656000,tanker
311663000,cargo
311676000,cargo
311681000,cargo
311696000,cargo
311697000,cargo
311702000,tanker
311727000,tanker
311771000,cargo
311775000,tanker-hazardd(recognizable)
311784000,tug
311816000,tanker
311818000,cargo
311918000,cargo
311921000,cargo
311922000,cargo
311929000,tanker
311938000,cargo
311945000,cargo
311973000,cargo
311981000,tanker
311985000,tanker
312092000,cargo
312256000,cargo
312404000,unknown
312710000,cargo
312824000,cargo
314005000,cargo-hazarda(major)
314006000,cargo
314011000,cargo-hazarda(major)
314014000,cargo
314019000,cargo
314020000,cargo
314021000,cargo
314026000,cargo
314066000,cargo
314159000,cargo
314179000,cargo
314187000,cargo
314192000,cargo
314193000,cargo
314194000,cargo
314207000,cargo
314208000,cargo
314216000,cargo
314220000,cargo
314222000,cargo
314237000,cargo
314251000,cargo
314255000,cargo
314257000,cargo
314258000,cargo
314295000,cargo
314311000,cargo
314392000,cargo
314398000,cargo
314415000,cargo
314416000,cargo
314417000,cargo
314418000,unknown
319014600,cargo
319015800,cargo
319022600,pleasurecraft
319025300,tanker
319028400,cargo
319036000,tanker
319061200,cargo
319062200,tanker
319064400,unknown
319070500,tanker
319071500,tanker
319149000,cargo
319205000,tanker-hazardb
319206000,tanker-hazardb
319301000,tanker-hazardc(minor)
319366000,cargo
319402000,tanker-hazardb
319445000,tanker-hazardb
319468000,tanker-hazardb
319499000,tanker-hazarda(major)
319541000,tanker-hazardb
319545000,tanker
319570000,cargo
319591000,tanker-hazardb
319602000,tanker-hazardb
319605000,tanker-hazardb
319643000,tanker-hazardb
319677000,cargo
319768000,tanker
319842000,tanker-hazarda(major)
319885000,cargo
319913000,cargo
325448000,tug
329002100,unknown
329006070,sailingvessel
338135636,sailingvessel
338640000,cargo
338781000,unknown
341270000,cargo
341307000,cargo
341438000,cargo
341561000,cargo
341588000,cargo
341599000,cargo
347002100,sailingvessel
351020000,cargo
351070000,cargo
351120000,cargo
351132000,cargo
351248000,cargo
351249000,cargo-hazarda(major)
351268000,cargo-hazarda(major)
351272000,tanker-hazarda(major)
351272053,tanker-hazarda(major)
351299000,cargo
351333000,cargo
351356000,cargo-hazarda(major)
351392000,cargo
351431000,cargo
351459000,cargo
351482000,tanker-hazardc(minor)
351486000,tanker
351528000,cargo
351533000,tanker
351619000,cargo
351662000,cargo
351675000,cargo-hazardb
351696000,tanker-hazarda(major)
351700000,cargo
351732000,cargo
351780000,cargo
351785000,cargo
351802000,cargo
351811000,cargo
351828000,cargo
351960000,cargo
352039000,cargo
352090000,tanker-hazardb
352105000,cargo
352135000,cargo-hazardd(recognizable)
352147000,cargo
352168000,cargo
352216000,cargo
352254000,tanker
352255000,tanker
352328000,cargo
352349000,cargo
352388000,tanker
352417000,cargo
352422000,cargo
352451000,tanker
352506000,cargo
352517000,cargo
352586000,cargo
352630000,cargo
352639000,cargo
352651000,cargo-hazardd(recognizable)
352663000,cargo
352745000,cargo
352757000,cargo
352789000,cargo
352853000,cargo
352854000,cargo
352923000,other
352939000,cargo
352940000,other
352952000,cargo
352960000,cargo
353039000,cargo
353047000,cargo
353071000,cargo
353083000,cargo
353086000,cargo
353100000,cargo
353206000,cargo
353269000,cargo
353351000,cargo
353500000,other
353502000,cargo
353514000,cargo
353548000,tanker
353551000,cargo
353627000,cargo
353642000,cargo
353719000,cargo
353764000,cargo
353830000,tanker
353910000,cargo
353939000,cargo
353946000,cargo
353952000,tanker
353979000,other
354029000,cargo
354070000,tanker
354073000,tanker
354076000,cargo
354123000,cargo
354128000,cargo
354133000,tanker
354149000,cargo
354152000,cargo
354170000,cargo
354180000,cargo
354190000,tanker
354204000,cargo
354205000,cargo
354306000,tanker-hazarda(major)
354315000,cargo-hazarda(major)
354340000,cargo-hazarda(major)
354360000,cargo
354408000,cargo
354410000,cargo
354504000,cargo-hazarda(major)
354505000,cargo
354532000,cargo
354537000,cargo
354556000,tanker
354589000,cargo
354602000,cargo
354641000,divevessel
354690000,cargo
354726000,cargo
354751000,cargo
354780000,cargo
354828000,tanker-hazardb
354856000,cargo
354868000,cargo
354946000,cargo
354964000,cargo
354971000,cargo
354972000,cargo-hazardb
355016000,cargo
355026000,cargo
355028000,cargo-hazarda(major)
355031000,tanker-hazardd(recognizable)
355051000,cargo
355140000,cargo
355142000,cargo
355146000,cargo
355148000,cargo
355209000,tanker
355216000,cargo
355222000,cargo
355223000,cargo
355249000,cargo-hazarda(major)
355289000,cargo-hazardc(minor)
355294000,cargo
355305000,cargo-hazarda(major)
355308000,cargo
355363000,cargo
355420000,cargo
355497000,tanker
355511000,tanker-hazardb
355600000,tanker
355624000,cargo
355654000,cargo
355655000,cargo
355684000,cargo
355688000,cargo
355731000,cargo
355775000,tanker-hazardc(minor)
355828000,tanker-hazardb
355860483,cargo
355891000,cargo
355906000,cargo
355919000,cargo-hazarda(major)
355979000,cargo
356013000,cargo
356046000,cargo
356059000,cargo
356066904,cargo
356068000,other
356071000,cargo
356073000,cargo
356101000,cargo
356159000,tanker
356187000,cargo
356289000,cargo
356303000,cargo
356307000,tanker
356330000,cargo-hazarda(major)
356340000,cargo
356370000,cargo
356425000,cargo
356466000,tanker
356470000,cargo
356472000,cargo
356473000,cargo
356555000,cargo
356580000,cargo
356599000,cargo
356615000,cargo
356672000,cargo
356673000,tanker
356679000,cargo
356704000,cargo
356757000,cargo
356760000,cargo
356781000,cargo
356824000,cargo
356880000,cargo
356904000,cargo
356983000,cargo
357015000,unknown
357055000,cargo
357067000,cargo-hazarda(major)
357071000,cargo
357075000,tanker
357077000,cargo
357092000,cargo
357100000,cargo
357122000,cargo
357144000,cargo
357147000,cargo
357170000,cargo
357212000,cargo
357227000,tanker-hazarda(major)
357231000,cargo
357269000,other
357275000,cargo
357289000,cargo
357291000,cargo
357347000,cargo
357351000,cargo
357388000,cargo
357403000,cargo
357417000,cargo
357426000,tanker-hazarda(major)
357460000,tanker-hazarda(major)
357573000,cargo
357668000,cargo
357684000,cargo
357740000,tanker-hazardb
357742000,cargo
357743000,cargo
357759000,cargo
357772000,cargo
357773000,cargo
357782000,cargo
357851000,tanker
357920000,cargo
357960000,cargo
357988000,cargo
367063280,cargo
367063310,cargo
367127560,pleasurecraft
367136710,cargo-hazarda(major)
367168640,cargo
367318000,cargo
367484680,sailingvessel
367532950,sailingvessel
367598370,sailingvessel
367606000,cargo-hazarda(major)
367683840,sailingvessel
367775000,cargo
367852000,militaryops
368660000,cargo-hazardb
369233000,cargo-hazarda(major)
369326000,cargo
369327000,cargo
369886000,militaryops
370011000,cargo
370032000,cargo
370062000,cargo
370066000,tanker-hazarda(major)
370068000,tanker
370069000,tanker
370096000,cargo
370206000,cargo
370235000,cargo
370254000,cargo
370261000,cargo
370271000,cargo-hazarda(major)
370329000,cargo
370368000,cargo-hazarda(major)
370386000,cargo
370392000,cargo
370417000,cargo
370431000,cargo
370455000,tanker-hazardd(recognizable)
370467000,tanker
370473000,other
370547000,cargo
370558000,tanker
370567000,unknown
370618000,cargo
370637000,other
370736000,cargo
370869000,cargo
370957000,cargo
370985000,tanker
37100300,tug
371013000,cargo
371043000,cargo
371057000,cargo-hazarda(major)
371085000,tanker
371089000,cargo
371147000,cargo
371172000,cargo
371215000,cargo
371245000,cargo-hazarda(major)
371318000,cargo
371325000,tanker
371346000,tanker
371415000,cargo
371437000,cargo
371443000,cargo
371452000,cargo
371463000,cargo-hazarda(major)
371466000,cargo-hazarda(major)
371471000,cargo
371474000,cargo-hazarda(major)
371475000,cargo-hazardb
371495000,cargo
371537000,cargo
371551000,cargo
371559000,cargo
371648000,cargo
371651000,cargo
371769000,cargo
371798000,cargo
371806000,cargo
371839000,cargo
371860000,cargo
371897000,cargo
371911000,cargo
371921000,cargo
371922000,cargo
371931000,other
371941000,cargo
371949000,cargo
371969000,cargo-hazarda(major)
372005000,cargo
372016000,tanker-hazardb
372031000,cargo
372051000,cargo-hazarda(major)
372054000,cargo
372063000,cargo
372070000,cargo
372071000,cargo
372112000,cargo
372171000,tanker
372218000,cargo-hazardd(recognizable)
372223000,cargo
372246000,cargo
372268000,cargo
372290000,cargo
372309000,cargo
372319000,cargo
372348000,cargo
372352000,cargo
372400000,cargo-hazarda(major)
372447000,cargo
372480000,cargo
372483000,cargo
372491000,cargo
372506000,cargo
372512000,cargo
372516000,cargo
372530000,tanker-hazardb
372531000,cargo
372548000,cargo
372662000,cargo
372723000,cargo
372727000,cargo
372744000,cargo
372777000,tanker
372802000,cargo
372805000,cargo
372843000,cargo-hazarda(major)
372878000,cargo
372879000,cargo
372883000,cargo
372901000,cargo
372916000,cargo
372973000,unknown
372988000,tanker-hazardc(minor)
372995000,cargo
373005000,cargo-hazarda(major)
373024000,cargo
373035000,cargo
373043000,cargo
373057000,cargo
373059000,cargo
373090000,tanker
373106000,cargo-hazarda(major)
373124000,cargo
373140000,cargo
373158000,cargo
373162000,cargo-hazarda(major)
373202000,cargo
373204000,cargo
373206000,cargo
373207000,cargo
373219000,cargo
373231000,cargo
373267000,cargo
373353000,tanker-hazardb
373355000,cargo-hazarda(major)
373365000,cargo
373383000,cargo
373398000,cargo
373404000,cargo-hazardd(recognizable)
373408000,cargo
373428000,cargo
373463000,cargo
373481000,cargo
373508000,cargo
373517000,cargo
373553000,cargo
373555000,cargo
373570000,cargo-hazarda(major)
373590000,cargo
373598000,cargo
373627000,cargo
373639000,cargo
373665000,cargo
373667000,cargo
373674000,cargo
373681000,cargo
373765000,cargo
373802000,cargo
373807000,cargo
373828000,cargo
373843000,cargo
373865000,cargo
373880000,cargo
373886000,cargo
373903000,cargo
373911000,cargo
373945000,cargo
373948000,cargo
373953000,tanker
374026000,tanker
374101000,cargo
374196000,cargo
374249000,cargo
374268000,cargo
374281000,cargo
374286000,cargo
374322000,cargo
374369000,tanker
374645000,cargo-hazarda(major)
374681000,cargo
374766000,cargo
374859000,unknown
374881000,cargo
374886000,cargo
374912000,tanker
374960000,cargo
375074000,cargo
375254000,cargo-hazardc(minor)
375532000,cargo
375607000,cargo
375746000,cargo
376121000,unknown
376207000,cargo
376317000,cargo
376553000,cargo
376556000,cargo
376783000,cargo
376848000,cargo
376887000,sailingvessel
376907000,dredger
377552000,cargo
377715000,cargo
377789000,cargo
378112136,unknown
378112361,pleasurecraft
378394000,pleasurecraft
403505000,tanker-hazardb
403508000,tanker
403521001,cargo-hazarda(major)
403531001,cargo
412069000,cargo
412534000,cargo
413089000,tanker
413119000,cargo
413478240,cargo
413770000,tanker
414778000,cargo
416497000,cargo
417222332,unknown
419000116,cargo
419000180,cargo
419000182,cargo
419000312,cargo
419689000,tanker
419694000,cargo
419722000,tanker
419738000,cargo-hazarda(major)
428044000,cargo
431007349,unknown
431127000,cargo
431132000,tanker-hazardb
431156000,tanker-hazardb
431241000,cargo
431260000,cargo
432624000,cargo
432633000,cargo
432651000,cargo
432664000,other
432665000,cargo
432716000,cargo
432722000,cargo
432824000,cargo
432839000,cargo
432935000,tanker
432963000,cargo
440058000,cargo
441722000,cargo
441992000,cargo
441993000,cargo
441995000,cargo
447089000,tanker-hazardd(recognizable)
447097000,other
447180000,tanker
447184000,tanker
447187000,tanker
447189000,tanker
470170000,tug
470455804,unknown
477001100,cargo-hazardd(recognizable)
477006800,cargo
477013400,cargo
477016300,cargo
477017600,cargo-hazardb
477017900,cargo
477024600,cargo
477030700,cargo-hazarda(major)
477036300,cargo
477040800,cargo
477050700,cargo
477050800,cargo
477058200,cargo
477065200,cargo-hazardb
477067700,cargo
477071400,tanker
477071500,tanker
477078200,cargo
477095600,tanker
477095900,cargo
477102800,cargo
477105600,cargo
477108100,cargo-hazardd(recognizable)
477110600,tanker
477115900,tanker
477127900,cargo
477133300,cargo
477136300,cargo
477141900,tanker
477144900,tanker
477161000,cargo
477163900,tanker-hazardb
477167624,cargo
477170800,unknown
477173500,tanker-hazardc(minor)
477174200,cargo
477174800,cargo-hazarda(major)
477179000,cargo
477182200,cargo
477182300,cargo-hazardd(recognizable)
477182700,cargo-hazarda(major)
477182800,cargo
477188800,cargo
477193300,cargo
477203100,cargo
477207100,cargo
477213700,cargo
477217300,cargo
477218700,cargo
477219300,cargo
477219900,cargo-hazarda(major)
477220100,cargo
477220200,cargo
477220400,cargo
477220500,cargo
477222300,cargo
477222700,cargo
477224800,cargo
477229400,cargo-hazarda(major)
477229600,cargo
477241800,cargo-hazarda(major)
477261300,cargo
477271200,tanker
477271400,cargo-hazarda(major)
477274400,cargo-hazarda(major)
477276400,tanker
477282400,cargo
477293100,cargo
477293200,cargo
477300300,tanker
477300600,unknown
477300800,cargo
477305900,cargo-hazardd(recognizable)
477314700,cargo
477321000,cargo-hazarda(major)
477328400,cargo
477335300,cargo
477335400,cargo
477346600,cargo
477347400,cargo
477397100,cargo
477397800,cargo
477398000,cargo
477399300,tanker
477423400,cargo
477423600,cargo
477423700,cargo-hazardd(recognizable)
477424200,cargo
477424600,cargo-hazardb
477427500,cargo-hazarda(major)
477434400,cargo
477434800,tanker
477441900,cargo
477444300,cargo
477444500,cargo
477444800,cargo
477454100,cargo
477476800,cargo
477478200,cargo
477478800,cargo
477486500,cargo
477518500,cargo
477518600,cargo
477518800,cargo
477519100,tanker
477519400,cargo
477519800,cargo
477522000,cargo
477524700,cargo
477524900,cargo
477535200,cargo
477541400,tanker
477550400,cargo
477558000,cargo
477559900,cargo
477560700,cargo
477581400,cargo-hazarda(major)
477585700,cargo
477585800,cargo
477598800,cargo
477607600,cargo
477612300,tanker
477618000,cargo
477627200,tanker-hazarda(major)
477634100,cargo
477637100,cargo
477637700,other
477638400,cargo
477640200,cargo
477652300,cargo-hazarda(major)
477652600,cargo
477657600,cargo
477680200,cargo
477686700,cargo
477712400,cargo-hazarda(major)
477712800,cargo-hazarda(major)
477720400,tanker
477728600,cargo
477729000,cargo
477733600,unknown
477746600,cargo
477764400,cargo
477764600,cargo
477768300,tanker
477776200,cargo-hazarda(major)
477787000,cargo
477790200,cargo
477791600,cargo
477791900,cargo-hazardc(minor)
477792100,cargo
477795300,cargo-hazardd(recognizable)
477795900,cargo
477802100,cargo
477802800,cargo
477814700,cargo
477820000,cargo
477830800,cargo-hazarda(major)
477831600,tanker
477832400,cargo
477832500,cargo
477834000,cargo
477845600,cargo-hazarda(major)
477848400,tanker
477851800,cargo
477852400,tanker
477852900,cargo
477881600,tanker
477892900,cargo
477902400,cargo-hazarda(major)
477912000,cargo
477914600,cargo
477914700,cargo
477914900,cargo
477915700,cargo
477925300,cargo
477932400,tanker-hazardc(minor)
477938500,cargo
477938900,cargo
477950300,cargo
477963800,cargo-hazarda(major)
477967800,cargo-hazarda(major)
477986100,cargo
477994800,cargo
477995100,cargo
503006030,sailingvessel
511262000,cargo
518100030,cargo
518100059,cargo-hazarda(major)
518602000,cargo
518866000,cargo
518877000,cargo
533913000,tanker
533992000,tanker
538001638,tanker
538001784,cargo
538001809,cargo
538001906,cargo
538001908,cargo
538001921,other
538001922,cargo
538001964,tanker
538002054,tanker
538002070,cargo
538002138,wingingrnd
538002164,cargo
538002206,cargo
538002221,tanker
538002278,tanker
538002285,tanker
538002295,tanker
538002315,tanker
538002419,cargo
538002478,cargo
538002523,tanker
538002553,tanker
538002598,tanker-hazarda(major)
538002650,cargo
538002655,tanker
538002657,cargo
538002693,tanker
538002734,cargo-hazarda(major)
538002755,tanker
538002756,tanker
538002760,unknown
538002775,tanker
538002784,tanker-hazarda(major)
538002806,cargo
538002828,cargo
538002840,other
538002883,tanker
538002920,tanker-hazardd(recognizable)
538002952,tanker-hazardc(minor)
538002959,tanker
538002961,cargo-hazardc(minor)
538002973,cargo
538002986,cargo
538002992,cargo
538003035,cargo-hazarda(major)
538003110,tanker
538003115,tanker-hazarda(major)
538003146,unknown
538003205,cargo
538003217,tanker
538003231,cargo
538003321,tanker
538003322,tanker
538003326,tanker
538003347,tanker-hazardd(recognizable)
538003352,tanker-hazardd(recognizable)
538003358,tanker-hazardd(recognizable)
538003419,cargo
538003450,tanker-hazardc(minor)
538003470,tanker
538003514,cargo
538003540,cargo
538003561,cargo
538003562,tanker
538003576,cargo-hazardb
538003600,cargo
538003670,cargo
538003677,tanker
538003692,cargo
538003696,tanker
538003704,cargo
538003737,tanker
538003793,tanker
538003851,tanker-hazardb
538003855,tanker
538003857,tanker
538003868,tanker
538003876,tanker
538003910,tanker-hazardd(recognizable)
538003911,tanker-hazardd(recognizable)
538003928,cargo
538003930,cargo
538003994,tanker
538004007,cargo-hazarda(major)
538004029,tanker
538004031,tanker
538004043,cargo
538004055,cargo
538004067,cargo
538004070,cargo
538004100,cargo
538004103,cargo
538004127,cargo
538004151,cargo
538004153,cargo
538004171,cargo-hazarda(major)
538004173,tanker
538004174,tanker
538004240,cargo
538004246,tanker
538004293,tanker
538004310,cargo-hazarda(major)
538004313,cargo-hazarda(major)
538004314,cargo
538004316,tanker
538004317,tanker
538004339,cargo
538004349,cargo
538004365,cargo
538004381,cargo
538004387,cargo
538004435,cargo
538004443,cargo
538004446,wingingrnd
538004454,cargo
538004456,cargo
538004465,cargo
538004473,cargo
538004476,cargo
538004485,cargo
538004488,cargo
538004496,cargo
538004505,cargo
538004506,cargo
538004535,tanker
538004536,tanker
538004561,tanker
538004564,cargo
538004580,cargo
538004628,tanker-hazarda(major)
538004629,tanker
538004630,cargo
538004639,cargo
538004640,tanker
538004646,cargo
538004692,tanker
538004714,cargo
538004722,tanker-hazardb
538004747,cargo
538004766,cargo
538004772,cargo
538004898,cargo
538004912,cargo
538004914,cargo
538004923,cargo
538004924,tanker
538004978,cargo
538004991,cargo
538004997,cargo
538005007,tanker
538005024,cargo
538005048,cargo
538005060,tanker
538005062,cargo
538005064,cargo
538005067,cargo
538005093,tanker
538005096,cargo
538005129,tanker
538005137,cargo
538005140,tanker
538005146,cargo
538005167,tanker
538005169,cargo
538005188,tanker
538005191,cargo
538005205,cargo
538005216,cargo
538005218,tanker
538005230,cargo
538005235,cargo-hazarda(major)
538005236,cargo
538005256,tanker-hazardd(recognizable)
538005257,tanker
538005259,cargo
538005261,cargo
538005283,cargo
538005292,tanker-hazardd(recognizable)
538005294,tanker
538005296,cargo
538005320,tanker
538005323,tanker-hazardd(recognizable)
538005336,cargo
538005337,cargo
538005364,cargo
538005387,tanker
538005389,tanker-hazardd(recognizable)
538005402,tanker
538005403,tanker
538005405,tanker
538005407,tanker
538005408,tanker
538005409,tanker
538005412,tanker
538005413,tanker
538005415,tanker
538005418,tanker
538005419,tanker
538005423,tanker
538005424,tanker
538005426,tanker
538005444,cargo
538005452,cargo
538005471,cargo
538005474,cargo
538005478,tanker-hazardb
538005485,cargo
538005503,cargo
538005504,tanker-hazardb
538005511,tanker
538005513,tanker
538005528,cargo
538005535,tanker
538005538,tanker
538005539,tanker
538005544,cargo
538005575,tanker
538005599,cargo
538005600,cargo
538005601,tanker
538005604,cargo
538005617,cargo
538005627,cargo
538005628,cargo
538005629,cargo
538005643,cargo
538005651,cargo
538005656,other
538005657,cargo
538005676,cargo
538005691,cargo
538005701,cargo
538005706,cargo
538005764,tanker
538005772,tanker
538005788,tanker
538005792,cargo
538005797,tanker
538005803,tanker
538005805,tanker
538005815,tanker
538005832,cargo
538005838,cargo-hazarda(major)
538005839,cargo-hazarda(major)
538005840,cargo-hazarda(major)
538005856,cargo
538005863,tanker
538005871,tanker
538005893,tanker-hazardb
538005920,tanker
538005928,cargo
538005939,tanker
538005941,cargo
538005949,cargo
538005960,cargo
538005976,tanker
538005979,cargo
538006005,tanker
538006030,tanker
538006038,tanker
538006039,cargo
538006049,tanker
538006073,tanker
538006074,tanker
538006075,tanker
538006093,tanker
538006097,cargo
538006099,cargo
538006112,tanker-hazardc(minor)
538006161,tanker-hazardd(recognizable)
538006163,cargo
538006164,unknown
538006165,cargo
538006167,cargo
538006173,tanker
538006191,tanker
538006197,tanker
538006200,tanker
538006204,tanker
538006217,tanker
538006224,tanker
538006240,cargo
538006247,cargo
538006270,tanker
538006284,tanker
538006288,tanker
538006290,tug
538006298,cargo
538006308,tanker
538006358,cargo
538006363,cargo
538006367,tanker
538006370,tanker
538006377,cargo
538006388,cargo
538006389,cargo
538006403,cargo
538006434,cargo
538006451,cargo
538006452,cargo
538006464,tanker
538006489,tanker
538006501,tanker
538006509,cargo
538006515,cargo
538006570,tanker
538006596,cargo
538006615,cargo
538006616,cargo
538006668,tanker
538006687,cargo
538006744,tanker
538006829,cargo
538070770,pleasurecraft
538090070,cargo-hazarda(major)
538090091,cargo
538090116,cargo
538090151,other
538090152,cargo
538090153,cargo
538090156,cargo
538090174,tanker
538090189,tanker
538090191,unknown
538090209,tanker
538090232,tanker
538090261,cargo
538090267,tanker
538090338,tanker
538090448,tanker
538090451,cargo
538090452,cargo
538090453,cargo
538090454,cargo-hazarda(major)
538090456,tanker
538090485,cargo
548740000,cargo
548747000,tanker-hazarda(major)
548765000,tanker-hazardb
548777000,tanker
548801000,unknown
548847000,tanker-hazardb
548850000,tanker
548851000,cargo
548888000,cargo
548899000,cargo
548903000,other
548912000,cargo
548915000,cargo
548922000,cargo
563018710,cargo
563019000,cargo
563033000,cargo-hazardd(recognizable)
563052000,tanker
563068000,tanker
563077000,cargo
563079000,cargo
563105000,cargo
563108000,cargo
563111000,cargo
563143000,cargo-hazardd(recognizable)
563153000,tanker
563176000,cargo
563186000,tanker
563187000,cargo
563231000,cargo
563234000,cargo
563251000,cargo
563353000,tanker-hazardd(recognizable)
563374000,cargo
563377000,cargo-hazarda(major)
563394000,cargo
563431000,cargo
563458000,cargo-hazarda(major)
563481000,tanker
563493000,cargo
563550000,cargo
563573000,cargo
563618000,cargo
563619000,tanker
563624000,tanker
563641000,cargo
563672000,cargo-hazarda(major)
563737000,cargo
563747000,cargo-hazardb
563755000,tanker
563758000,cargo
563773000,cargo
563802000,other
563835000,cargo
563837000,other
563879000,cargo
563934000,cargo
563976000,cargo
563982000,cargo-hazardd(recognizable)
564002000,tanker
564014000,tanker
564019000,cargo-hazardd(recognizable)
564037000,cargo
564045000,tanker-hazardb
564056000,cargo-hazarda(major)
564071000,cargo-hazardd(recognizable)
564096000,cargo
564111000,tanker
564207000,tanker
564220000,cargo
564222000,cargo
564237000,cargo
564240000,cargo
564242000,cargo
564289000,cargo
564335000,tanker-hazardb
564351000,cargo
564358000,cargo
564361000,cargo
564387000,cargo
564388000,cargo
564430000,tanker-hazardb
564446000,cargo
564476000,cargo
564517000,tanker
564533000,tug
564573000,cargo
564575000,cargo-hazarda(major)
564648000,cargo
564693000,tanker
564715000,tanker
564728000,other
564753000,cargo
564756000,cargo
564803000,cargo
564842000,cargo
564853000,cargo
564896000,cargo
564910000,cargo-hazardd(recognizable)
564922000,tanker-hazarda(major)
564923000,tanker-hazardd(recognizable)
564944000,cargo
564977000,tanker
565029000,cargo
565061000,cargo
565064000,cargo
565088000,cargo
565111000,cargo
565138000,cargo
565145000,cargo
565150000,cargo
565174000,tanker
565212000,tanker-hazardb
565213000,cargo-hazarda(major)
565246000,tanker
565254000,tanker
565343000,tanker
565397000,tanker
565407000,tanker
565476000,cargo
565484000,cargo
565494000,tanker
565499000,cargo
565500000,cargo
565528000,tanker
565583000,cargo
565596000,cargo
565613000,cargo
565746000,cargo
565758000,cargo
565770000,tanker
565824000,cargo
565826000,tanker
565829000,tanker
565947000,cargo
565961000,tanker-hazarda(major)
565969000,tanker
565970000,cargo-hazardc(minor)
565980000,tanker
566006000,cargo
566015000,tanker
566029000,cargo
566030000,tanker
566041000,cargo
566049000,cargo
566059000,cargo
566085000,cargo
566087000,cargo
566088000,cargo
566149000,cargo
566164000,cargo
566184000,cargo
566198000,tanker
566205000,cargo
566233000,cargo
566242000,tanker
566244000,tanker
566251000,tanker
566258000,cargo
566265000,cargo
566278000,cargo-hazarda(major)
566289000,cargo
566337000,cargo
566365000,cargo
566367000,cargo
566383000,cargo-hazarda(major)
566405000,other
566422000,tanker
566441000,cargo
566462000,cargo
566466000,cargo
566473000,tanker
566478000,tanker
566498000,cargo
566519000,cargo
566552000,cargo
566566000,cargo
566567000,cargo
566573000,tanker
566575000,cargo
566577000,tanker-hazarda(major)
566579000,tanker
566600000,cargo
566628000,cargo
566634000,cargo
566675000,cargo
566700000,tanker-hazarda(major)
566707000,cargo
566722000,tanker-hazarda(major)
566796000,cargo
566813000,tanker-hazarda(major)
566826000,cargo
566837000,cargo
566838000,cargo
566839000,cargo
566840000,cargo
566880000,cargo
566882000,cargo-hazardd(recognizable)
566898000,cargo
566904000,tanker
566917000,tanker
566923000,cargo
566954000,cargo
566955000,cargo
566970000,cargo
566997000,other
567048000,cargo
567108000,cargo
567269000,cargo
567279000,cargo
567468000,cargo
576082000,cargo
576321000,tanker-hazardc(minor)
577228000,sailingvessel
577333000,sailingvessel
605086010,cargo
605086011,cargo
605086013,cargo
605086014,cargo
605086120,tanker
622121409,cargo
622121420,cargo
622121422,cargo
636009548,cargo
636009840,cargo
636010378,tanker-hazarda(major)
636010909,unknown
636011106,cargo
636011160,tanker
636011212,tanker-hazardc(minor)
636011267,tanker-hazardc(minor)
636011345,cargo
636011561,unknown
636011630,tanker
636011640,tanker
636011641,tanker
636011792,cargo
636012131,cargo
636012196,tanker
636012261,cargo
636012377,tanker
636012379,tanker
636012507,tanker
636012762,tanker
636012804,other
636012856,tanker
636012908,tanker
636012909,tanker-hazardd(recognizable)
636013026,tanker
636013068,cargo
636013070,cargo
636013100,tanker
636013136,cargo-hazardd(recognizable)
636013273,tanker
636013296,tanker
636013353,tanker
636013381,tanker
636013437,cargo-hazarda(major)
636013645,tanker
636013748,tanker
636013823,unknown
636013825,tanker
636013840,cargo
636013898,cargo-hazardd(recognizable)
636013944,cargo
636013974,cargo
636013998,tanker
636014098,cargo
636014114,tanker
636014119,tanker
636014126,tanker
636014171,tanker
636014184,tanker
636014189,tanker
636014190,cargo
636014191,tanker
636014193,tanker
636014208,cargo-hazarda(major)
636014240,cargo
636014241,cargo
636014299,cargo
636014307,tanker-hazarda(major)
636014309,tanker
636014352,tanker
636014355,tanker
636014381,cargo
636014452,cargo
636014469,tanker-hazardb
636014623,tanker
636014624,cargo
636014720,cargo
636014800,cargo
636014806,cargo
636014865,cargo
636014922,cargo
636014927,cargo
636014982,tanker
636015008,cargo
636015019,cargo-hazarda(major)
636015033,cargo
636015035,cargo
636015043,cargo
636015044,cargo
636015048,cargo
636015050,tanker
636015064,tanker
636015094,cargo
636015106,tanker
636015129,cargo-hazarda(major)
636015145,tanker
636015181,cargo-hazardd(recognizable)
636015187,tanker
636015204,cargo-hazardb
636015240,cargo
636015261,cargo
636015262,cargo
636015263,cargo
636015265,cargo
636015266,cargo
636015273,cargo
636015274,cargo
636015300,tanker
636015348,tanker
636015359,tanker
636015406,cargo
636015431,cargo
636015455,cargo
636015457,tanker
636015479,cargo
636015496,cargo-hazarda(major)
636015524,cargo-hazarda(major)
636015569,cargo
636015589,tanker-hazardb
636015592,tanker-hazardb
636015607,cargo-hazardd(recognizable)
636015612,cargo
636015646,cargo-hazarda(major)
636015650,cargo
636015651,cargo
636015664,cargo-hazarda(major)
636015665,cargo-hazardd(recognizable)
636015666,cargo-hazarda(major)
636015674,cargo-hazarda(major)
636015675,cargo
636015706,tanker
636015710,cargo
636015754,cargo
636015760,cargo
636015761,tanker
636015772,cargo
636015777,cargo
636015782,cargo
636015818,cargo
636015819,cargo
636015829,tanker-hazardb
636015857,cargo
636015860,cargo-hazardc(minor)
636015861,cargo-hazarda(major)
636015893,cargo
636015900,cargo-hazarda(major)
636015916,cargo
636015934,tanker
636015940,tanker
636015943,tanker
636015944,tanker-hazardb
636015945,tanker
636015946,tanker
636015956,other
636015960,cargo
636015973,tanker
636015990,cargo
636015991,cargo
636015994,other
636016005,tanker
636016011,cargo
636016012,cargo
636016017,tanker-hazardb
636016043,cargo
636016098,tanker
636016115,tanker-hazardb
636016149,tanker
636016193,other
636016199,cargo-hazarda(major)
636016236,cargo
636016238,cargo
636016239,cargo
636016250,cargo
636016260,cargo
636016268,cargo
636016278,cargo
636016279,cargo
636016281,cargo
636016287,cargo
636016315,tanker
636016320,cargo
636016338,cargo
636016352,cargo
636016356,cargo
636016360,tanker
636016396,tanker
636016415,cargo-hazarda(major)
636016419,cargo
636016423,cargo
636016429,cargo-hazardd(recognizable)
636016430,cargo-hazarda(major)
636016433,cargo
636016436,cargo
636016437,cargo-hazarda(major)
636016445,cargo
636016451,cargo
636016457,cargo
636016461,cargo
636016476,cargo-hazarda(major)
636016492,cargo
636016529,cargo
636016534,cargo
636016594,tanker-hazardd(recognizable)
636016595,tanker
636016607,cargo
636016659,tanker
636016683,tanker
636016692,cargo
636016706,cargo
636016709,cargo
636016717,tanker-hazarda(major)
636016726,tanker
636016732,cargo
636016742,cargo
636016746,cargo
636016795,cargo
636016799,cargo
636016803,pleasurecraft
636016831,cargo
636016844,cargo
636016851,cargo
636016891,cargo
636016907,cargo
636016910,cargo
636016979,cargo-hazarda(major)
636016983,cargo
636016984,cargo
636017004,cargo
636017015,tanker
636017022,cargo
636017037,cargo
636017042,cargo
636017064,cargo
636017065,cargo
636017067,cargo
636017093,cargo
636017102,cargo
636017116,cargo
636017117,cargo
636017138,cargo
636017159,tanker-hazardb
636017199,cargo-hazarda(major)
636017200,cargo-hazarda(major)
636017201,cargo-hazarda(major)
636017209,tanker
636090590,cargo
636090646,cargo
636090680,cargo
636090704,cargo
636090707,cargo-hazarda(major)
636090816,cargo
636090890,tanker
636090965,cargo-hazarda(major)
636090980,cargo
636090984,cargo
636091082,other
636091088,cargo-hazarda(major)
636091116,cargo-hazarda(major)
636091121,tanker
636091125,cargo
636091129,cargo-hazarda(major)
636091130,cargo-hazarda(major)
636091174,tanker
636091276,cargo-hazarda(major)
636091281,cargo
636091319,cargo-hazarda(major)
636091328,cargo-hazarda(major)
636091334,cargo
636091346,cargo
636091352,cargo
636091394,cargo
636091402,cargo-hazarda(major)
636091449,cargo-hazarda(major)
636091470,tanker
636091473,cargo-hazarda(major)
636091488,tanker
636091501,cargo-hazarda(major)
636091502,cargo-hazarda(major)
636091507,cargo
636091569,tanker
636091576,cargo
636091610,cargo
636091706,cargo-hazardd(recognizable)
636091714,cargo-hazarda(major)
636091749,cargo
636091787,cargo
636091798,cargo
636091807,cargo
636091855,cargo-hazarda(major)
636091857,cargo-hazarda(major)
636091859,cargo
636091866,cargo
636091871,cargo-hazarda(major)
636091872,tanker
636091888,cargo
636091896,cargo-hazarda(major)
636091910,cargo-hazarda(major)
636091933,cargo
636091937,cargo
636091952,cargo
636091962,cargo-hazardd(recognizable)
636091975,cargo
636091987,cargo
636092006,cargo
636092011,cargo
636092021,cargo-hazardd(recognizable)
636092037,tanker
636092041,cargo
636092044,cargo
636092067,cargo
636092080,cargo
636092084,cargo
636092092,cargo
636092093,cargo
636092134,cargo
636092136,tanker
636092137,tanker
636092155,cargo
636092156,cargo
636092158,cargo-hazardd(recognizable)
636092202,cargo
636092220,cargo
636092260,cargo
636092261,cargo
636092263,cargo
636092271,cargo-hazardb
636092297,cargo
636092301,cargo
636092323,cargo
636092331,cargo
636092335,cargo
636092337,cargo-hazardc(minor)
636092340,cargo
636092346,cargo
636092361,cargo-hazarda(major)
636092366,cargo
636092390,cargo
636092391,cargo-hazarda(major)
636092395,cargo-hazarda(major)
636092451,cargo-hazarda(major)
636092455,cargo
636092515,cargo
636092521,cargo-hazarda(major)
636092524,cargo
636092528,cargo
636092529,cargo
636092548,cargo-hazarda(major)
636092553,cargo
636092556,cargo
636092571,cargo-hazarda(major)
636092576,cargo
636092614,cargo-hazardc(minor)
636092616,cargo
636092629,cargo-hazarda(major)
636092634,cargo
636092635,cargo-hazarda(major)
642122016,tanker
642122021,tanker
660005430,unknown
664209000,tanker
667001484,tug
671638000,cargo
676117000,cargo
701830000,tug
701832000,tug
888888888,militaryops
982571400,specialcraft
999999999,militaryops
